성별,나이,월수입,직업,결혼여부,소비성향,가격,가격등급,카테고리,브랜드,상품조회수,비교상품수,구매시간대,카드할부여부,재방문횟수,구매후회값
male,19,460000,학생,미혼,진보적,11000,초저가,식품,풀무원,8,2,14,N,4,0.086
male,23,620000,취업준비생,미혼,보수적,911000,고가,여행,마이리얼트립,41,11,0,Y,11,0.607
male,26,2650000,사무직,미혼,진보적,1319000,고가,전자기기,레노버,23,6,17,Y,8,0.435
female,31,4900000,전문직,미혼,보수적,77000,저가,생활용품,유한킴벌리,18,5,19,N,1,0.123
female,29,2740000,공무원,기혼,진보적,650000,고가,교육,클래스101,23,4,0,Y,5,0.337
female,35,2380000,자영업,기혼,진보적,585000,고가,명품,프라다,17,4,23,N,7,0.359
male,30,1850000,프리랜서,미혼,보수적,70000,저가,화장품,설화수,24,5,12,N,2,0.084
male,33,3940000,대기업직원,기혼,진보적,6000,초저가,식품,오뚜기,2,0,18,N,2,0.185
male,38,810000,주부,기혼,진보적,511000,고가,여행,아시아나,31,7,16,Y,5,0.567
female,67,1230000,은퇴자,미혼,진보적,1099000,고가,전자기기,삼성,37,6,15,Y,9,0.52
female,29,870000,학생,미혼,진보적,481000,고가,패션,나이키,32,4,23,Y,5,0.596
female,33,860000,취업준비생,미혼,보수적,140000,중저가,건강관리,락토핏,23,5,22,N,4,0.23
male,36,2950000,사무직,기혼,진보적,611000,고가,명품,버버리,29,3,12,Y,6,0.315
male,41,6980000,전문직,기혼,보수적,51000,저가,화장품,설화수,21,5,16,N,1,0.131
male,39,3860000,공무원,기혼,보수적,60000,저가,식품,CJ,12,3,13,N,4,0.087
female,45,3340000,자영업,기혼,진보적,1044000,고가,교육,시원스쿨,36,6,23,Y,5,0.351
female,40,2770000,프리랜서,기혼,진보적,2049000,초고가,가구,리바트,39,8,11,Y,8,0.56
female,43,5660000,대기업직원,기혼,진보적,531000,고가,패션,ZARA,26,4,17,N,3,0.165
male,48,1330000,주부,기혼,보수적,161000,중저가,건강관리,센트룸,20,6,13,N,4,0.102
male,59,1800000,은퇴자,미혼,보수적,1890000,초고가,명품,구찌,36,10,11,Y,10,0.516
male,28,1160000,학생,미혼,보수적,915000,고가,전자기기,애플,40,8,13,Y,8,0.56
female,31,1220000,취업준비생,미혼,보수적,129000,중저가,생활용품,락앤락,16,4,22,N,2,0.216
female,46,3910000,사무직,기혼,진보적,1000000,고가,교육,메가스터디,28,3,19,Y,4,0.31
female,51,10430000,전문직,미혼,진보적,1863000,초고가,가구,리바트,28,6,22,Y,8,0.288
male,49,4850000,공무원,기혼,진보적,193000,중저가,패션,무신사스탠다드,26,3,21,Y,2,0.162
male,55,4780000,자영업,미혼,보수적,4000,초저가,식품,동원,9,4,20,N,0,0.146
male,50,4020000,프리랜서,미혼,보수적,409000,고가,여행,하나투어,30,8,12,N,4,0.143
female,53,6930000,대기업직원,기혼,보수적,520000,고가,전자기기,LG,34,5,15,Y,3,0.176
female,58,2360000,주부,기혼,보수적,111000,중저가,생활용품,깨끗한나라,18,3,13,N,3,0.077
female,69,2620000,은퇴자,미혼,보수적,733000,고가,교육,클래스101,35,6,16,N,3,0.244
male,27,1540000,학생,미혼,진보적,3964000,초고가,명품,샤넬,36,17,16,Y,15,0.55
male,29,1640000,취업준비생,기혼,보수적,40000,저가,화장품,라네즈,28,3,14,N,1,0.151
male,24,5070000,사무직,미혼,진보적,78000,저가,식품,노브랜드,7,4,23,N,0,0.225
female,28,12100000,전문직,미혼,진보적,1062000,고가,여행,하나투어,18,3,2,N,4,0.242
female,59,6140000,공무원,기혼,진보적,7939000,초고가,전자기기,삼성,34,11,16,Y,11,0.435
female,65,8710000,자영업,기혼,보수적,7523000,초고가,패션,아디다스,36,11,22,Y,7,0.619
male,28,6590000,프리랜서,기혼,진보적,3773000,초고가,건강관리,종근당,32,6,22,Y,4,0.595
male,31,9800000,대기업직원,미혼,진보적,571000,고가,명품,루이비통,27,5,21,N,3,0.17
male,36,3380000,주부,기혼,보수적,109000,중저가,화장품,올리브영PB,28,6,0,N,3,0.127
female,61,3500000,은퇴자,기혼,보수적,76000,저가,식품,CJ,12,4,9,N,3,0.086
female,26,530000,학생,미혼,보수적,369000,고가,교육,윌라,39,10,20,Y,6,0.521
female,27,650000,취업준비생,기혼,진보적,2887000,초고가,가구,일룸,25,22,14,Y,25,0.529
male,34,6040000,사무직,미혼,진보적,40000,저가,패션,COS,20,2,9,N,1,0.172
male,38,18660000,전문직,기혼,진보적,98000,중저가,건강관리,종근당,14,4,11,N,1,0.146
male,33,7590000,공무원,기혼,진보적,824000,고가,명품,구찌,19,4,16,N,5,0.219
female,39,11770000,자영업,기혼,진보적,3980000,초고가,전자기기,소니,35,5,3,Y,7,0.414
female,38,8390000,프리랜서,기혼,진보적,115000,중저가,생활용품,유한킴벌리,22,4,14,N,1,0.112
female,41,12000000,대기업직원,기혼,보수적,403000,고가,교육,패스트캠퍼스,20,5,9,N,4,0.109
male,46,4920000,주부,미혼,진보적,142000,중저가,가구,한샘,19,4,15,Y,4,0.133
male,71,5320000,은퇴자,미혼,보수적,56000,저가,패션,무신사스탠다드,23,3,10,N,0,0.183
male,25,800000,학생,미혼,진보적,62000,저가,식품,풀무원,18,2,17,N,1,0.171
female,25,930000,취업준비생,미혼,진보적,897000,고가,여행,마이리얼트립,24,8,17,Y,9,0.56
female,44,2710000,사무직,기혼,진보적,22000,초저가,전자기기,레노버,18,2,10,Y,3,0.182
female,48,5280000,전문직,기혼,보수적,171000,중저가,생활용품,유한킴벌리,19,4,16,N,2,0.089
male,43,3060000,공무원,미혼,보수적,67000,저가,교육,클래스101,12,6,21,N,2,0.093
male,49,2050000,자영업,기혼,보수적,3564000,초고가,명품,프라다,35,16,12,Y,11,0.559
male,48,1940000,프리랜서,기혼,진보적,124000,중저가,화장품,설화수,23,1,20,N,1,0.246
female,51,4160000,대기업직원,기혼,보수적,37000,저가,식품,오뚜기,21,4,21,N,1,0.097
female,56,750000,주부,기혼,보수적,3417000,초고가,여행,아시아나,44,25,12,Y,24,0.484
female,63,1120000,은퇴자,미혼,보수적,6768000,초고가,전자기기,삼성,44,30,11,Y,31,0.487
male,24,1280000,학생,미혼,진보적,122000,중저가,패션,나이키,20,2,15,N,1,0.19
male,23,1370000,취업준비생,미혼,보수적,635000,고가,건강관리,락토핏,32,7,13,Y,4,0.438
male,54,3230000,사무직,기혼,보수적,8077000,초고가,명품,버버리,51,17,19,Y,18,0.484
female,58,7520000,전문직,기혼,보수적,145000,중저가,화장품,설화수,21,5,16,Y,4,0.156
female,53,3780000,공무원,기혼,진보적,202000,중저가,식품,CJ,20,4,23,N,1,0.195
female,59,3400000,자영업,기혼,보수적,875000,고가,교육,시원스쿨,24,9,14,N,4,0.196
male,26,2970000,프리랜서,미혼,진보적,168000,중저가,가구,리바트,23,3,15,Y,5,0.14
male,29,5370000,대기업직원,미혼,진보적,70000,저가,패션,ZARA,12,3,15,N,3,0.097
male,34,1530000,주부,기혼,진보적,328000,고가,건강관리,센트룸,19,6,15,Y,2,0.262
female,73,1900000,은퇴자,미혼,보수적,1032000,고가,명품,구찌,36,8,0,Y,9,0.53
female,23,1490000,학생,미혼,진보적,3933000,초고가,전자기기,애플,27,17,13,Y,16,0.547
female,33,1630000,취업준비생,미혼,진보적,101000,중저가,생활용품,락앤락,16,3,22,Y,3,0.232
male,32,3880000,사무직,기혼,진보적,48000,저가,교육,메가스터디,20,3,19,N,3,0.1
male,35,9650000,전문직,미혼,보수적,268000,중저가,가구,리바트,19,6,1,N,6,0.151
male,27,4340000,공무원,기혼,보수적,260000,중저가,패션,무신사스탠다드,21,6,9,Y,4,0.149
female,33,5450000,자영업,기혼,진보적,53000,저가,식품,동원,9,2,19,N,3,0.117
female,36,3970000,프리랜서,미혼,보수적,4244000,초고가,여행,하나투어,31,13,20,Y,10,0.515
female,39,7500000,대기업직원,기혼,진보적,4501000,초고가,전자기기,LG,32,6,21,Y,7,0.477
male,44,2150000,주부,기혼,진보적,4000,초저가,생활용품,깨끗한나라,14,2,1,N,0,0.194
male,65,2680000,은퇴자,미혼,진보적,60000,저가,교육,클래스101,21,1,23,N,3,0.236
male,22,530000,학생,미혼,진보적,1029000,고가,명품,샤넬,39,12,12,Y,12,0.532
female,31,610000,취업준비생,미혼,보수적,234000,중저가,화장품,라네즈,29,6,0,N,6,0.391
female,42,5370000,사무직,기혼,보수적,803000,고가,식품,노브랜드,25,7,19,N,3,0.167
female,45,13380000,전문직,기혼,진보적,6608000,초고가,여행,하나투어,34,6,2,Y,6,0.499
male,37,5780000,공무원,미혼,보수적,121000,중저가,전자기기,삼성,30,4,19,N,5,0.101
male,43,8660000,자영업,기혼,진보적,40000,저가,패션,아디다스,13,0,20,Y,1,0.268
male,46,6080000,프리랜서,기혼,진보적,5370000,초고가,건강관리,종근당,39,9,13,Y,9,0.544
female,49,10280000,대기업직원,기혼,보수적,1646000,초고가,명품,루이비통,28,8,17,N,6,0.197
female,54,3110000,주부,기혼,진보적,630000,고가,화장품,올리브영PB,21,4,14,N,5,0.222
female,75,4150000,은퇴자,기혼,보수적,126000,중저가,식품,CJ,28,5,14,Y,2,0.091
male,21,760000,학생,미혼,진보적,31000,저가,교육,윌라,9,3,11,N,0,0.175
male,29,980000,취업준비생,미혼,보수적,111000,중저가,가구,일룸,21,6,15,N,3,0.135
male,52,6220000,사무직,기혼,보수적,155000,중저가,패션,COS,23,5,9,N,2,0.122
female,55,17790000,전문직,기혼,진보적,407000,고가,건강관리,종근당,26,3,22,Y,1,0.269
female,47,7910000,공무원,기혼,진보적,4372000,초고가,명품,구찌,44,7,13,Y,6,0.505
female,53,13120000,자영업,기혼,보수적,3341000,초고가,전자기기,소니,32,7,15,Y,8,0.287
male,24,9370000,프리랜서,미혼,진보적,8000,초저가,생활용품,유한킴벌리,5,1,17,N,0,0.192
male,27,12420000,대기업직원,미혼,진보적,30000,저가,교육,패스트캠퍼스,7,3,15,N,1,0.173
male,32,4430000,주부,기혼,진보적,399000,고가,가구,한샘,17,6,15,N,7,0.117
female,67,5620000,은퇴자,기혼,진보적,102000,중저가,패션,무신사스탠다드,24,3,13,N,1,0.158
female,20,1180000,학생,미혼,진보적,152000,중저가,식품,풀무원,19,3,12,N,2,0.152
female,27,1350000,취업준비생,미혼,보수적,4862000,초고가,여행,마이리얼트립,38,22,20,Y,20,0.545
male,30,2590000,사무직,기혼,진보적,192000,중저가,전자기기,레노버,25,3,16,N,6,0.125
male,32,4760000,전문직,기혼,진보적,10000,초저가,생활용품,유한킴벌리,10,2,15,N,2,0.093
male,57,2730000,공무원,기혼,보수적,174000,중저가,교육,클래스101,28,5,14,N,1,0.149
female,63,2350000,자영업,기혼,진보적,348000,고가,명품,프라다,20,5,20,Y,6,0.261
female,34,1730000,프리랜서,기혼,진보적,907000,고가,화장품,설화수,36,5,12,N,4,0.437
female,37,4050000,대기업직원,미혼,보수적,247000,중저가,식품,오뚜기,15,7,18,Y,2,0.109
male,42,840000,주부,기혼,진보적,384000,고가,여행,아시아나,37,5,17,N,8,0.375
male,59,1140000,은퇴자,기혼,보수적,238000,중저가,전자기기,삼성,28,3,11,N,4,0.217
male,19,1610000,학생,미혼,보수적,583000,고가,패션,나이키,43,6,20,Y,4,0.394
female,25,1590000,취업준비생,미혼,진보적,4059000,초고가,건강관리,락토핏,38,15,12,Y,12,0.536
female,40,3470000,사무직,미혼,진보적,409000,고가,명품,버버리,26,4,15,Y,7,0.25
female,42,6900000,전문직,기혼,보수적,498000,고가,화장품,설화수,34,7,10,N,2,0.146
male,31,3690000,공무원,미혼,진보적,11000,초저가,식품,CJ,4,0,16,N,3,0.175
male,37,3410000,자영업,미혼,진보적,68000,저가,교육,시원스쿨,17,3,22,N,4,0.17
male,44,3060000,프리랜서,기혼,보수적,441000,고가,가구,리바트,22,7,11,Y,5,0.234
female,47,6050000,대기업직원,미혼,진보적,1253000,고가,패션,ZARA,27,4,15,N,3,0.232
female,52,1400000,주부,기혼,보수적,6931000,초고가,건강관리,센트룸,35,28,1,Y,23,0.508
female,69,1800000,은퇴자,미혼,보수적,7000,초저가,명품,구찌,25,4,21,N,5,0.099
male,29,490000,학생,미혼,보수적,138000,중저가,전자기기,애플,30,5,9,N,7,0.249
male,23,620000,취업준비생,미혼,보수적,56000,저가,생활용품,락앤락,9,3,19,N,2,0.116
male,50,4230000,사무직,기혼,보수적,269000,중저가,교육,메가스터디,23,4,17,Y,4,0.138
female,52,10150000,전문직,미혼,진보적,561000,고가,가구,리바트,17,4,17,N,4,0.145
female,41,4440000,공무원,기혼,보수적,681000,고가,패션,무신사스탠다드,34,5,20,N,3,0.172
female,47,5290000,자영업,기혼,진보적,141000,중저가,식품,동원,12,2,15,N,4,0.107
male,54,4020000,프리랜서,기혼,보수적,123000,중저가,여행,하나투어,24,4,18,N,6,0.093
male,57,7340000,대기업직원,기혼,보수적,136000,중저가,전자기기,LG,28,4,19,N,6,0.1
male,30,2240000,주부,기혼,진보적,40000,저가,생활용품,깨끗한나라,8,1,11,N,2,0.157
female,61,2690000,은퇴자,기혼,보수적,182000,중저가,교육,클래스101,25,6,18,N,4,0.082
female,28,780000,학생,미혼,진보적,6571000,초고가,명품,샤넬,34,38,15,Y,37,0.547
female,33,900000,취업준비생,미혼,보수적,418000,고가,화장품,라네즈,30,7,17,Y,3,0.488
male,28,5140000,사무직,미혼,진보적,20000,초저가,식품,노브랜드,3,0,23,N,3,0.225
male,29,12510000,전문직,기혼,보수적,261000,중저가,여행,하나투어,29,4,13,N,4,0.13
male,51,6090000,공무원,기혼,보수적,813000,고가,전자기기,삼성,28,6,12,N,6,0.132
female,57,7680000,자영업,기혼,보수적,110000,중저가,패션,아디다스,32,4,20,N,3,0.13
female,32,6850000,프리랜서,기혼,보수적,66000,저가,건강관리,종근당,15,2,23,N,2,0.159
female,35,10440000,대기업직원,기혼,진보적,886000,고가,명품,루이비통,28,5,15,N,7,0.179
male,40,3190000,주부,기혼,진보적,39000,저가,화장품,올리브영PB,21,2,17,N,2,0.124
male,71,3670000,은퇴자,기혼,보수적,4000,초저가,식품,CJ,12,5,15,N,2,0.058
male,27,1190000,학생,미혼,진보적,143000,중저가,교육,윌라,11,2,19,N,3,0.187
female,31,1210000,취업준비생,미혼,보수적,565000,고가,가구,일룸,30,9,15,N,6,0.409
female,38,6910000,사무직,기혼,보수적,911000,고가,패션,COS,29,5,9,Y,2,0.238
female,39,15950000,전문직,미혼,진보적,6306000,초고가,건강관리,종근당,30,8,10,Y,5,0.361
male,25,7760000,공무원,미혼,진보적,2372000,초고가,명품,구찌,30,6,19,N,7,0.298
male,31,12080000,자영업,기혼,진보적,183000,중저가,전자기기,소니,24,2,11,N,5,0.119
male,42,8630000,프리랜서,기혼,진보적,60000,저가,생활용품,유한킴벌리,13,0,23,N,1,0.267
female,45,11800000,대기업직원,기혼,보수적,783000,고가,교육,패스트캠퍼스,35,6,15,N,4,0.079
female,50,4920000,주부,기혼,보수적,4094000,초고가,가구,한샘,32,9,22,Y,8,0.603
female,63,5580000,은퇴자,기혼,보수적,1202000,고가,패션,무신사스탠다드,37,7,9,Y,4,0.28
male,26,1720000,학생,미혼,진보적,6000,초저가,식품,풀무원,5,2,11,N,3,0.122
male,29,1850000,취업준비생,미혼,진보적,161000,중저가,여행,마이리얼트립,27,1,12,N,6,0.217
male,48,2840000,사무직,미혼,진보적,907000,고가,전자기기,레노버,38,6,23,N,5,0.358
female,49,5450000,전문직,기혼,진보적,47000,저가,생활용품,유한킴벌리,13,4,3,N,0,0.176
female,35,2860000,공무원,기혼,진보적,498000,고가,교육,클래스101,20,5,20,Y,2,0.256
female,41,2140000,자영업,기혼,진보적,3142000,초고가,명품,프라다,31,12,14,Y,13,0.545
male,52,1750000,프리랜서,미혼,진보적,28000,저가,화장품,설화수,18,4,13,N,1,0.132
male,55,4330000,대기업직원,미혼,보수적,6000,초저가,식품,오뚜기,12,2,14,N,0,0.153
male,60,800000,주부,기혼,보수적,789000,고가,여행,아시아나,33,11,2,Y,7,0.6
female,73,1160000,은퇴자,미혼,보수적,349000,고가,전자기기,삼성,42,5,17,Y,8,0.31
female,25,470000,학생,미혼,보수적,569000,고가,패션,나이키,35,9,23,Y,8,0.616
female,27,610000,취업준비생,미혼,보수적,55000,저가,건강관리,락토핏,20,5,2,Y,1,0.253
male,26,3290000,사무직,미혼,진보적,2549000,초고가,명품,버버리,39,8,17,Y,10,0.523
male,59,7390000,전문직,기혼,보수적,36000,저가,화장품,설화수,23,3,12,N,2,0.108
male,45,3410000,공무원,기혼,보수적,41000,저가,식품,CJ,26,5,16,N,4,0.064
female,51,3590000,자영업,기혼,진보적,214000,중저가,교육,시원스쿨,14,3,14,N,3,0.13
female,30,2820000,프리랜서,미혼,보수적,9000,초저가,가구,리바트,20,4,9,N,4,0.099
female,33,5220000,대기업직원,기혼,진보적,6940000,초고가,패션,ZARA,37,9,18,Y,10,0.519
male,38,1450000,주부,미혼,진보적,154000,중저가,건강관리,센트룸,9,2,11,N,1,0.231
male,65,1840000,은퇴자,기혼,보수적,1317000,고가,명품,구찌,46,11,9,Y,9,0.494
male,24,870000,학생,미혼,진보적,372000,고가,전자기기,애플,24,4,11,N,6,0.416
female,25,950000,취업준비생,미혼,보수적,30000,저가,생활용품,락앤락,10,6,13,N,0,0.123
female,36,4210000,사무직,미혼,보수적,1282000,고가,교육,메가스터디,30,7,17,Y,4,0.298
female,36,10230000,전문직,기혼,진보적,3188000,초고가,가구,리바트,34,6,14,N,6,0.248
male,55,4720000,공무원,미혼,보수적,49000,저가,패션,무신사스탠다드,30,6,17,N,2,0.095
male,61,5220000,자영업,미혼,보수적,17000,초저가,식품,동원,17,4,0,N,1,0.165
male,40,4450000,프리랜서,미혼,진보적,827000,고가,여행,하나투어,19,5,10,N,4,0.244
female,43,7740000,대기업직원,기혼,진보적,6285000,초고가,전자기기,LG,36,7,13,Y,7,0.506
female,48,2220000,주부,미혼,진보적,226000,중저가,생활용품,깨끗한나라,23,1,17,N,2,0.223
female,75,2440000,은퇴자,기혼,보수적,4600000,초고가,교육,클래스101,32,15,17,Y,10,0.485
male,23,1110000,학생,미혼,진보적,373000,고가,명품,샤넬,33,5,11,Y,7,0.418
male,23,1270000,취업준비생,미혼,진보적,35000,저가,화장품,라네즈,23,4,23,N,3,0.141
male,46,5340000,사무직,기혼,진보적,49000,저가,식품,노브랜드,8,0,22,Y,0,0.315
female,46,14050000,전문직,기혼,진보적,2689000,초고가,여행,하나투어,31,6,16,Y,6,0.269
female,29,6050000,공무원,미혼,보수적,3771000,초고가,전자기기,삼성,40,11,13,Y,10,0.442
female,35,7580000,자영업,미혼,보수적,646000,고가,패션,아디다스,31,8,15,N,2,0.14
male,50,6410000,프리랜서,기혼,진보적,218000,중저가,건강관리,종근당,17,3,14,N,3,0.11
male,53,10050000,대기업직원,기혼,보수적,6565000,초고가,명품,루이비통,35,9,17,Y,8,0.523
male,58,3180000,주부,기혼,진보적,221000,중저가,화장품,올리브영PB,17,4,14,Y,4,0.173
female,67,3860000,은퇴자,기혼,보수적,63000,저가,식품,CJ,19,4,9,N,0,0.111
female,22,1510000,학생,미혼,진보적,522000,고가,교육,윌라,25,5,11,Y,5,0.36
female,33,1640000,취업준비생,미혼,보수적,3000,초저가,가구,일룸,24,4,18,Y,4,0.127
male,24,6310000,사무직,미혼,진보적,36000,저가,패션,COS,17,3,1,N,0,0.234
male,56,18140000,전문직,기혼,보수적,62000,저가,건강관리,종근당,13,5,16,Y,2,0.125
male,39,6830000,공무원,미혼,보수적,3227000,초고가,명품,구찌,38,8,11,Y,7,0.401
female,45,11590000,자영업,미혼,진보적,1211000,고가,전자기기,소니,30,3,23,N,5,0.236
female,28,8980000,프리랜서,기혼,진보적,97000,중저가,생활용품,유한킴벌리,15,4,13,N,2,0.126
female,31,13540000,대기업직원,미혼,보수적,542000,고가,교육,패스트캠퍼스,28,5,11,N,4,0.112
male,36,4630000,주부,미혼,진보적,262000,중저가,가구,한샘,11,3,14,N,4,0.157
male,59,5710000,은퇴자,기혼,보수적,82000,저가,패션,무신사스탠다드,31,3,13,N,2,0.131
male,21,520000,학생,미혼,보수적,60000,저가,식품,풀무원,11,5,10,N,2,0.119
female,31,610000,취업준비생,기혼,진보적,466000,고가,여행,마이리얼트립,28,9,10,Y,6,0.586
female,34,2770000,사무직,미혼,보수적,3517000,초고가,전자기기,레노버,39,13,22,Y,13,0.549
female,33,4920000,전문직,기혼,보수적,138000,중저가,생활용품,유한킴벌리,12,6,3,N,3,0.139
male,49,2770000,공무원,기혼,진보적,234000,중저가,교육,클래스101,27,2,11,N,3,0.135
male,55,2320000,자영업,기혼,보수적,515000,고가,명품,프라다,37,8,22,Y,8,0.346
male,38,1790000,프리랜서,미혼,보수적,101000,중저가,화장품,설화수,29,4,15,N,2,0.105
female,41,4050000,대기업직원,기혼,진보적,38000,저가,식품,오뚜기,16,1,16,N,0,0.211
female,46,810000,주부,기혼,보수적,3061000,초고가,여행,아시아나,46,22,10,Y,20,0.481
female,69,1210000,은퇴자,기혼,보수적,2222000,초고가,전자기기,삼성,41,13,14,Y,13,0.467
male,20,880000,학생,미혼,진보적,33000,저가,패션,나이키,21,3,19,N,0,0.144
male,29,920000,취업준비생,기혼,진보적,134000,중저가,건강관리,락토핏,18,2,21,N,3,0.217
male,44,3290000,사무직,기혼,진보적,741000,고가,명품,버버리,22,5,11,N,7,0.267
female,43,7230000,전문직,기혼,진보적,197000,중저가,화장품,설화수,26,4,23,N,4,0.151
female,59,3930000,공무원,기혼,보수적,239000,중저가,식품,CJ,13,3,13,N,3,0.088
female,65,3070000,자영업,기혼,진보적,426000,고가,교육,시원스쿨,31,6,21,Y,5,0.175
male,48,2890000,프리랜서,기혼,진보적,201000,중저가,가구,리바트,28,3,16,N,5,0.1
male,51,5200000,대기업직원,기혼,보수적,63000,저가,패션,ZARA,31,2,19,N,2,0.121
male,56,1490000,주부,기혼,진보적,177000,중저가,건강관리,센트룸,23,4,14,N,4,0.158
female,61,1960000,은퇴자,기혼,보수적,6384000,초고가,명품,구찌,41,20,9,Y,18,0.534
female,19,1170000,학생,미혼,진보적,7304000,초고가,전자기기,애플,40,30,15,Y,30,0.56
female,27,1250000,취업준비생,미혼,보수적,383000,고가,생활용품,락앤락,31,6,17,Y,4,0.313
male,54,4480000,사무직,미혼,보수적,42000,저가,교육,메가스터디,24,3,1,N,4,0.143
male,53,8940000,전문직,미혼,보수적,1122000,고가,가구,리바트,23,5,20,N,7,0.169
male,33,4950000,공무원,기혼,보수적,179000,중저가,패션,무신사스탠다드,20,6,18,N,1,0.136
female,39,5230000,자영업,기혼,진보적,143000,중저가,식품,동원,18,3,11,N,1,0.152
female,26,4170000,프리랜서,미혼,진보적,2031000,초고가,여행,하나투어,38,7,18,N,8,0.431
female,29,7600000,대기업직원,기혼,보수적,6000,초저가,전자기기,LG,17,2,18,N,4,0.109
male,34,2200000,주부,기혼,보수적,5000,초저가,생활용품,깨끗한나라,22,5,13,N,0,0.127
male,71,2740000,은퇴자,기혼,보수적,32000,저가,교육,클래스101,15,4,9,N,4,0.073
male,29,1710000,학생,미혼,진보적,5126000,초고가,명품,샤넬,44,18,10,Y,16,0.588
female,25,1820000,취업준비생,미혼,보수적,127000,중저가,화장품,라네즈,21,4,18,N,5,0.108
female,32,5100000,사무직,미혼,진보적,353000,고가,식품,노브랜드,26,2,19,N,2,0.17
female,30,12710000,전문직,미혼,보수적,3855000,초고가,여행,하나투어,32,8,14,Y,6,0.327
male,43,5410000,공무원,기혼,보수적,209000,중저가,전자기기,삼성,22,3,11,N,3,0.137
male,49,8450000,자영업,기혼,진보적,42000,저가,패션,아디다스,15,3,11,N,2,0.122
male,36,6810000,프리랜서,미혼,보수적,470000,고가,건강관리,종근당,15,8,22,N,2,0.162
female,39,9820000,대기업직원,기혼,보수적,695000,고가,명품,루이비통,25,8,12,N,6,0.151
female,44,3000000,주부,기혼,보수적,804000,고가,화장품,올리브영PB,28,5,20,N,3,0.276
female,63,3590000,은퇴자,미혼,보수적,180000,중저가,식품,CJ,24,3,23,Y,4,0.211
male,28,540000,학생,미혼,보수적,32000,저가,교육,윌라,25,2,10,N,4,0.119
male,23,640000,취업준비생,미혼,보수적,188000,중저가,가구,일룸,13,4,13,Y,4,0.324
male,42,6790000,사무직,기혼,진보적,151000,중저가,패션,COS,15,1,11,N,4,0.162
female,40,15910000,전문직,기혼,진보적,255000,중저가,건강관리,종근당,18,1,20,N,4,0.155
female,53,7130000,공무원,기혼,보수적,444000,고가,명품,구찌,32,6,15,Y,5,0.206
female,59,13020000,자영업,기혼,보수적,8162000,초고가,전자기기,소니,38,8,16,Y,6,0.561
male,46,9230000,프리랜서,기혼,진보적,14000,초저가,생활용품,유한킴벌리,8,3,13,N,0,0.134
male,49,13180000,대기업직원,기혼,진보적,68000,저가,교육,패스트캠퍼스,20,1,21,Y,0,0.276
male,54,4390000,주부,기혼,진보적,801000,고가,가구,한샘,31,5,13,Y,6,0.215
female,73,4870000,은퇴자,기혼,보수적,271000,중저가,패션,무신사스탠다드,34,3,15,N,4,0.124
female,27,790000,학생,미혼,진보적,106000,중저가,식품,풀무원,22,2,22,N,2,0.224
female,33,980000,취업준비생,기혼,진보적,3731000,초고가,여행,마이리얼트립,29,20,20,Y,22,0.575
male,52,2550000,사무직,미혼,보수적,152000,중저가,전자기기,레노버,18,6,15,N,5,0.101
male,50,5120000,전문직,기혼,보수적,9000,초저가,생활용품,유한킴벌리,22,3,20,N,0,0.124
male,27,2920000,공무원,미혼,진보적,119000,중저가,교육,클래스101,22,1,15,N,1,0.216
female,33,2110000,자영업,기혼,진보적,3168000,초고가,명품,프라다,43,12,21,Y,10,0.563
female,24,1710000,프리랜서,미혼,진보적,1165000,고가,화장품,설화수,23,7,17,Y,8,0.542
female,27,4540000,대기업직원,기혼,보수적,125000,중저가,식품,오뚜기,13,5,15,N,1,0.119
male,32,780000,주부,기혼,진보적,97000,중저가,여행,아시아나,25,2,23,Y,4,0.284
male,65,1240000,은퇴자,기혼,보수적,109000,중저가,전자기기,삼성,31,5,14,N,4,0.103
male,26,1120000,학생,미혼,보수적,157000,중저가,패션,나이키,25,7,9,N,5,0.143
female,31,1220000,취업준비생,미혼,보수적,1207000,고가,건강관리,락토핏,34,9,22,Y,6,0.614
female,30,3050000,사무직,미혼,보수적,2328000,초고가,명품,버버리,38,11,20,Y,9,0.499
female,60,7350000,전문직,미혼,진보적,795000,고가,화장품,설화수,28,4,14,N,2,0.191
male,37,3790000,공무원,미혼,보수적,13000,초저가,식품,CJ,22,2,14,N,3,0.048
male,43,3290000,자영업,기혼,보수적,28000,저가,교육,시원스쿨,26,2,23,N,1,0.186
male,34,2590000,프리랜서,기혼,진보적,941000,고가,가구,리바트,35,5,23,Y,7,0.406
female,37,5760000,대기업직원,기혼,보수적,222000,중저가,패션,ZARA,19,4,23,N,3,0.155
female,42,1310000,주부,기혼,보수적,1162000,고가,건강관리,센트룸,37,8,12,Y,7,0.477
female,75,1800000,은퇴자,기혼,보수적,640000,고가,명품,구찌,45,7,14,Y,6,0.379
male,25,1640000,학생,미혼,진보적,118000,중저가,전자기기,애플,13,4,11,N,6,0.109
male,29,1600000,취업준비생,미혼,진보적,5000,초저가,생활용품,락앤락,11,0,15,N,3,0.163
male,40,3910000,사무직,기혼,진보적,99000,중저가,교육,메가스터디,10,4,13,N,2,0.129
female,37,10120000,전문직,미혼,보수적,1016000,고가,가구,리바트,27,4,11,N,3,0.168
female,47,4340000,공무원,기혼,진보적,1198000,고가,패션,무신사스탠다드,23,6,22,Y,3,0.362
female,53,5490000,자영업,기혼,진보적,926000,고가,식품,동원,22,6,20,Y,5,0.198
male,44,4090000,프리랜서,미혼,보수적,164000,중저가,여행,하나투어,21,3,23,Y,6,0.203
male,47,7100000,대기업직원,미혼,진보적,228000,중저가,전자기기,LG,17,4,21,Y,3,0.154
male,52,2160000,주부,기혼,진보적,77000,저가,생활용품,깨끗한나라,21,3,10,Y,2,0.135
female,67,2580000,은퇴자,기혼,진보적,97000,중저가,교육,클래스101,27,3,17,N,1,0.154
female,24,530000,학생,미혼,진보적,2275000,초고가,명품,샤넬,38,22,22,Y,24,0.65
female,27,660000,취업준비생,미혼,진보적,644000,고가,화장품,라네즈,35,8,20,Y,6,0.6
male,50,5450000,사무직,기혼,진보적,5000,초저가,식품,노브랜드,21,1,12,N,0,0.173
male,47,13030000,전문직,기혼,진보적,158000,중저가,여행,하나투어,17,1,0,N,3,0.27
male,57,5540000,공무원,기혼,보수적,718000,고가,전자기기,삼성,24,6,15,N,7,0.173
female,63,8430000,자영업,기혼,보수적,642000,고가,패션,아디다스,24,7,9,Y,3,0.203
female,54,6110000,프리랜서,기혼,보수적,4835000,초고가,건강관리,종근당,37,10,0,Y,8,0.584
female,57,10210000,대기업직원,기혼,진보적,6428000,초고가,명품,루이비통,44,6,14,Y,8,0.528
male,30,3360000,주부,미혼,진보적,122000,중저가,화장품,올리브영PB,14,1,10,N,3,0.181
male,59,4110000,은퇴자,기혼,보수적,7000,초저가,식품,CJ,20,2,19,N,1,0.1
male,23,840000,학생,미혼,보수적,137000,중저가,교육,윌라,21,7,22,Y,2,0.284
female,25,940000,취업준비생,미혼,진보적,373000,고가,가구,일룸,33,7,16,Y,8,0.39
female,28,6620000,사무직,기혼,보수적,1195000,고가,패션,COS,35,8,12,N,2,0.209
female,57,18470000,전문직,기혼,보수적,357000,고가,건강관리,종근당,30,7,9,Y,3,0.11
male,31,6960000,공무원,미혼,진보적,2754000,초고가,명품,구찌,42,6,10,Y,6,0.387
male,37,12250000,자영업,미혼,보수적,132000,중저가,전자기기,소니,31,6,20,N,6,0.093
male,32,9560000,프리랜서,기혼,진보적,79000,저가,생활용품,유한킴벌리,17,3,10,N,0,0.131
female,35,12250000,대기업직원,기혼,보수적,710000,고가,교육,패스트캠퍼스,21,5,14,N,1,0.175
female,40,4790000,주부,기혼,진보적,4099000,초고가,가구,한샘,32,7,9,Y,8,0.527
female,69,5250000,은퇴자,미혼,보수적,1937000,초고가,패션,무신사스탠다드,42,7,18,N,7,0.311
male,22,1320000,학생,미혼,보수적,11000,초저가,식품,풀무원,12,2,15,N,3,0.083
male,23,1370000,취업준비생,미혼,진보적,116000,중저가,여행,마이리얼트립,19,4,16,N,4,0.154
male,38,2420000,사무직,미혼,진보적,330000,고가,전자기기,레노버,22,4,16,Y,7,0.202
female,34,5110000,전문직,미혼,보수적,57000,저가,생활용품,유한킴벌리,9,3,20,N,3,0.073
female,41,2920000,공무원,기혼,보수적,691000,고가,교육,클래스101,32,8,14,N,6,0.194
female,47,2200000,자영업,기혼,보수적,496000,고가,명품,프라다,25,6,11,Y,7,0.28
male,42,1750000,프리랜서,미혼,진보적,59000,저가,화장품,설화수,23,2,20,N,0,0.156
male,45,4080000,대기업직원,미혼,진보적,30000,저가,식품,오뚜기,20,1,9,N,1,0.173
male,50,800000,주부,기혼,보수적,785000,고가,여행,아시아나,40,12,0,Y,9,0.563
female,61,1310000,은퇴자,기혼,보수적,463000,고가,전자기기,삼성,35,7,22,N,5,0.372
female,21,1480000,학생,미혼,진보적,1126000,고가,패션,나이키,28,8,21,Y,7,0.6
female,33,1780000,취업준비생,미혼,진보적,2298000,초고가,건강관리,락토핏,37,11,21,Y,10,0.504
male,48,2960000,사무직,기혼,진보적,530000,고가,명품,버버리,20,4,18,Y,5,0.272
male,44,6980000,전문직,기혼,진보적,44000,저가,화장품,설화수,18,3,19,N,1,0.165
male,51,3560000,공무원,기혼,진보적,80000,저가,식품,CJ,9,2,19,N,1,0.143
female,57,3240000,자영업,미혼,진보적,415000,고가,교육,시원스쿨,29,6,18,Y,5,0.178
female,52,3060000,프리랜서,기혼,보수적,3710000,초고가,가구,리바트,39,12,10,Y,8,0.515
female,55,5320000,대기업직원,기혼,진보적,564000,고가,패션,ZARA,20,3,22,N,5,0.263
male,60,1530000,주부,기혼,보수적,6000,초저가,건강관리,센트룸,15,5,3,Y,3,0.194
male,71,1760000,은퇴자,미혼,보수적,3616000,초고가,명품,구찌,37,17,23,Y,15,0.565
male,20,510000,학생,미혼,보수적,533000,고가,전자기기,애플,40,9,21,Y,7,0.566
female,31,630000,취업준비생,미혼,진보적,44000,저가,생활용품,락앤락,13,4,16,Y,2,0.133
female,26,3820000,사무직,미혼,진보적,594000,고가,교육,메가스터디,16,4,20,N,4,0.191
female,54,9050000,전문직,기혼,보수적,2776000,초고가,가구,리바트,40,9,12,N,5,0.226
male,25,4490000,공무원,미혼,진보적,76000,저가,패션,무신사스탠다드,17,1,22,N,3,0.239
male,31,5300000,자영업,미혼,보수적,8000,초저가,식품,동원,17,3,19,N,1,0.125
male,30,4200000,프리랜서,미혼,진보적,984000,고가,여행,하나투어,32,6,22,Y,7,0.362
female,33,6740000,대기업직원,기혼,진보적,486000,고가,전자기기,LG,24,3,12,N,6,0.127
female,38,2390000,주부,기혼,보수적,174000,중저가,생활용품,깨끗한나라,25,4,19,Y,3,0.141
female,63,2510000,은퇴자,기혼,보수적,377000,고가,교육,클래스101,34,6,15,N,5,0.147
male,19,820000,학생,미혼,진보적,5487000,초고가,명품,샤넬,34,31,10,Y,32,0.59
male,29,830000,취업준비생,기혼,보수적,243000,중저가,화장품,라네즈,28,4,14,N,5,0.284
male,36,5570000,사무직,미혼,진보적,30000,저가,식품,노브랜드,5,0,11,N,2,0.204
female,31,13420000,전문직,기혼,진보적,1067000,고가,여행,하나투어,17,2,16,Y,7,0.199
female,35,5570000,공무원,기혼,보수적,4887000,초고가,전자기기,삼성,34,12,13,Y,8,0.454
female,41,7890000,자영업,미혼,보수적,1055000,고가,패션,아디다스,21,8,18,N,5,0.162
male,40,6360000,프리랜서,기혼,진보적,76000,저가,건강관리,종근당,12,1,16,N,3,0.156
male,43,9030000,대기업직원,기혼,보수적,816000,고가,명품,루이비통,24,5,17,Y,5,0.215
male,48,3210000,주부,기혼,보수적,769000,고가,화장품,올리브영PB,30,8,14,N,5,0.218
female,73,3940000,은퇴자,기혼,보수적,56000,저가,식품,CJ,11,4,19,N,0,0.119
female,29,1200000,학생,미혼,진보적,1260000,고가,교육,윌라,30,10,18,Y,8,0.536
female,27,1300000,취업준비생,미혼,진보적,10000,초저가,가구,일룸,13,3,22,N,4,0.173
male,46,6270000,사무직,미혼,진보적,78000,저가,패션,COS,23,2,10,N,2,0.126
male,41,17110000,전문직,미혼,보수적,22000,초저가,건강관리,종근당,8,4,14,N,1,0.111
male,45,6800000,공무원,기혼,보수적,376000,고가,명품,구찌,27,6,17,N,5,0.12
female,51,12540000,자영업,기혼,진보적,462000,고가,전자기기,소니,25,3,16,N,6,0.103
female,50,8480000,프리랜서,기혼,진보적,193000,중저가,생활용품,유한킴벌리,20,2,11,N,2,0.088
female,53,13070000,대기업직원,미혼,보수적,923000,고가,교육,패스트캠퍼스,34,6,21,N,2,0.142
male,58,4160000,주부,기혼,보수적,122000,중저가,가구,한샘,32,3,14,N,6,0.076
male,65,4970000,은퇴자,기혼,보수적,31000,저가,패션,무신사스탠다드,22,2,17,Y,3,0.136
male,28,1500000,학생,미혼,진보적,82000,저가,식품,풀무원,10,2,14,Y,2,0.152
female,25,1790000,취업준비생,미혼,진보적,1133000,고가,여행,마이리얼트립,35,5,3,Y,9,0.651
female,24,2550000,사무직,미혼,보수적,10000,초저가,전자기기,레노버,22,5,14,N,2,0.119
female,51,4680000,전문직,기혼,진보적,134000,중저가,생활용품,유한킴벌리,10,1,20,N,2,0.189
male,55,3030000,공무원,기혼,보수적,30000,저가,교육,클래스101,25,5,12,N,3,0.064
male,61,2380000,자영업,기혼,보수적,3730000,초고가,명품,프라다,45,14,20,Y,13,0.55
male,28,1840000,프리랜서,미혼,진보적,237000,중저가,화장품,설화수,27,1,16,N,5,0.236
female,31,4570000,대기업직원,기혼,진보적,49000,저가,식품,오뚜기,20,3,20,N,1,0.105
female,36,770000,주부,기혼,진보적,3632000,초고가,여행,아시아나,31,23,11,Y,23,0.519
female,75,1130000,은퇴자,기혼,보수적,6762000,초고가,전자기기,삼성,45,32,12,Y,31,0.496
male,27,550000,학생,미혼,보수적,34000,저가,패션,나이키,26,2,17,N,3,0.123
male,23,620000,취업준비생,미혼,진보적,126000,중저가,건강관리,락토핏,15,1,16,N,2,0.293
male,34,3350000,사무직,기혼,진보적,2659000,초고가,명품,버버리,33,8,17,Y,7,0.596
female,28,6500000,전문직,미혼,진보적,159000,중저가,화장품,설화수,18,2,12,N,3,0.138
female,29,3620000,공무원,미혼,보수적,258000,중저가,식품,CJ,13,3,18,N,4,0.106
female,35,3280000,자영업,기혼,보수적,1207000,고가,교육,시원스쿨,39,8,16,N,3,0.304
male,38,2680000,프리랜서,미혼,진보적,178000,중저가,가구,리바트,20,3,17,N,3,0.12
male,41,5920000,대기업직원,미혼,보수적,140000,중저가,패션,ZARA,19,5,13,N,3,0.131
male,46,1410000,주부,기혼,보수적,33000,저가,건강관리,센트룸,12,4,12,Y,3,0.111
female,67,1970000,은퇴자,기혼,보수적,424000,고가,명품,구찌,25,7,13,Y,4,0.299
female,26,800000,학생,미혼,진보적,3046000,초고가,전자기기,애플,41,21,13,Y,21,0.508
female,33,920000,취업준비생,미혼,진보적,121000,중저가,생활용품,락앤락,20,4,11,Y,2,0.195
male,44,4490000,사무직,기혼,보수적,71000,저가,교육,메가스터디,11,2,22,N,0,0.227
male,38,10010000,전문직,기혼,보수적,252000,중저가,가구,리바트,15,3,21,N,6,0.082
male,39,4880000,공무원,기혼,보수적,261000,중저가,패션,무신사스탠다드,26,6,0,N,3,0.184
female,45,4710000,자영업,기혼,진보적,63000,저가,식품,동원,18,0,22,N,2,0.223
female,48,4590000,프리랜서,기혼,진보적,5065000,초고가,여행,하나투어,34,9,19,Y,8,0.562
female,51,7030000,대기업직원,기혼,보수적,1882000,초고가,전자기기,LG,29,7,13,Y,8,0.269
male,56,2090000,주부,기혼,진보적,61000,저가,생활용품,깨끗한나라,19,3,9,N,2,0.067
male,59,2700000,은퇴자,미혼,보수적,73000,저가,교육,클래스101,22,5,22,N,2,0.161
male,25,1160000,학생,미혼,진보적,873000,고가,명품,샤넬,25,6,10,Y,8,0.61
female,31,1230000,취업준비생,미혼,진보적,97000,중저가,화장품,라네즈,27,1,17,N,1,0.241
female,54,5210000,사무직,기혼,진보적,103000,중저가,식품,노브랜드,22,2,19,N,4,0.09
female,48,12210000,전문직,미혼,진보적,5330000,초고가,여행,하나투어,41,5,10,Y,7,0.397
male,49,6170000,공무원,기혼,진보적,123000,중저가,전자기기,삼성,25,3,20,N,5,0.105
male,55,7790000,자영업,미혼,보수적,57000,저가,패션,아디다스,31,2,18,N,3,0.127
male,26,6770000,프리랜서,미혼,진보적,184000,중저가,건강관리,종근당,20,1,16,N,1,0.188
female,29,10160000,대기업직원,미혼,진보적,1936000,초고가,명품,루이비통,23,7,13,Y,4,0.283
female,34,3460000,주부,기혼,보수적,879000,고가,화장품,올리브영PB,31,6,23,N,4,0.302
female,69,3890000,은퇴자,미혼,보수적,233000,중저가,식품,CJ,21,5,11,N,3,0.092
male,24,1550000,학생,미혼,보수적,40000,저가,교육,윌라,11,3,15,Y,1,0.182
male,29,1770000,취업준비생,미혼,진보적,151000,중저가,가구,일룸,24,4,13,N,5,0.138
male,32,6230000,사무직,기혼,진보적,141000,중저가,패션,COS,16,1,12,N,3,0.181
female,58,15900000,전문직,미혼,보수적,55000,저가,건강관리,종근당,21,4,16,N,3,0.055
female,59,6670000,공무원,기혼,보수적,4806000,초고가,명품,구찌,45,11,10,Y,9,0.507
female,65,11880000,자영업,기혼,보수적,2456000,초고가,전자기기,소니,40,10,16,N,8,0.176
male,36,9310000,프리랜서,기혼,진보적,60000,저가,생활용품,유한킴벌리,18,2,9,N,0,0.132
male,39,13680000,대기업직원,기혼,진보적,84000,저가,교육,패스트캠퍼스,22,3,1,Y,3,0.203
male,44,4720000,주부,기혼,진보적,746000,고가,가구,한샘,27,6,10,N,7,0.138
female,61,5040000,은퇴자,미혼,진보적,100000,중저가,패션,무신사스탠다드,28,2,19,N,4,0.116
female,23,530000,학생,미혼,진보적,869000,고가,식품,풀무원,32,11,14,Y,8,0.496
female,27,620000,취업준비생,기혼,보수적,3753000,초고가,여행,마이리얼트립,40,29,16,Y,30,0.533
male,42,2470000,사무직,기혼,진보적,203000,중저가,전자기기,레노버,17,2,17,N,6,0.166
male,35,5000000,전문직,기혼,보수적,5000,초저가,생활용품,유한킴벌리,16,3,13,N,2,0.08
male,33,3070000,공무원,기혼,진보적,224000,중저가,교육,클래스101,16,4,13,N,1,0.151
female,39,2120000,자영업,기혼,보수적,365000,고가,명품,프라다,21,8,12,N,5,0.207
female,46,1670000,프리랜서,기혼,보수적,1037000,고가,화장품,설화수,30,9,15,Y,6,0.494
female,49,4100000,대기업직원,미혼,보수적,106000,중저가,식품,오뚜기,27,6,10,N,2,0.082
male,54,760000,주부,기혼,보수적,154000,중저가,여행,아시아나,20,6,13,Y,5,0.243
male,71,1280000,은퇴자,미혼,보수적,779000,고가,전자기기,삼성,39,9,19,Y,7,0.471
male,22,860000,학생,미혼,보수적,1380000,고가,패션,나이키,31,14,10,Y,7,0.519
female,25,940000,취업준비생,미혼,진보적,256000,중저가,건강관리,락토핏,8,4,14,N,4,0.299
female,52,3060000,사무직,미혼,진보적,542000,고가,명품,버버리,32,4,20,N,4,0.256
female,45,6860000,전문직,미혼,보수적,1326000,고가,화장품,설화수,33,6,10,Y,5,0.237
male,43,3730000,공무원,기혼,보수적,12000,초저가,식품,CJ,17,4,11,N,2,0.08
male,49,3110000,자영업,기혼,보수적,56000,저가,교육,시원스쿨,14,5,20,N,0,0.154
male,24,2750000,프리랜서,미혼,보수적,550000,고가,가구,리바트,31,8,16,Y,6,0.253
female,27,5410000,대기업직원,미혼,진보적,247000,중저가,패션,ZARA,19,2,9,Y,3,0.169
female,32,1370000,주부,미혼,보수적,205000,중저가,건강관리,센트룸,23,5,16,N,1,0.189
female,63,1690000,은퇴자,기혼,보수적,14000,초저가,명품,구찌,21,3,2,N,2,0.189
male,21,1180000,학생,미혼,보수적,221000,중저가,전자기기,애플,24,3,20,Y,5,0.26
male,23,1280000,취업준비생,미혼,진보적,12000,초저가,생활용품,락앤락,10,0,22,Y,1,0.309
male,30,4330000,사무직,미혼,진보적,402000,고가,교육,메가스터디,13,6,3,N,3,0.201
female,55,10300000,전문직,기혼,진보적,1030000,고가,가구,리바트,25,3,19,Y,4,0.222
female,53,4590000,공무원,기혼,보수적,689000,고가,패션,무신사스탠다드,26,7,10,Y,3,0.2
female,59,4910000,자영업,기혼,보수적,150000,중저가,식품,동원,29,6,19,N,2,0.044
male,34,4320000,프리랜서,기혼,보수적,276000,중저가,여행,하나투어,31,6,17,N,6,0.073
male,37,7690000,대기업직원,기혼,진보적,1185000,고가,전자기기,LG,15,3,18,Y,7,0.241
male,42,2340000,주부,기혼,진보적,84000,저가,생활용품,깨끗한나라,19,3,9,N,3,0.076
female,73,2400000,은퇴자,기혼,보수적,151000,중저가,교육,클래스101,24,6,9,N,3,0.075
female,20,1710000,학생,미혼,보수적,3347000,초고가,명품,샤넬,41,14,20,Y,12,0.582
female,33,1610000,취업준비생,기혼,보수적,501000,고가,화장품,라네즈,40,8,20,Y,6,0.299
male,40,5250000,사무직,기혼,진보적,21000,초저가,식품,노브랜드,8,1,14,N,0,0.182
male,32,12870000,전문직,미혼,보수적,144000,중저가,여행,하나투어,21,6,0,N,6,0.142
male,27,6280000,공무원,미혼,진보적,502000,고가,전자기기,삼성,20,2,21,N,7,0.166
female,33,7820000,자영업,기혼,진보적,130000,중저가,패션,아디다스,26,3,14,N,0,0.186
female,44,6360000,프리랜서,기혼,진보적,522000,고가,건강관리,종근당,19,4,0,N,5,0.201
female,47,9910000,대기업직원,기혼,진보적,837000,고가,명품,루이비통,23,4,16,Y,4,0.219
male,52,3140000,주부,기혼,보수적,61000,저가,화장품,올리브영PB,29,5,15,N,2,0.1
male,65,3840000,은퇴자,기혼,보수적,12000,초저가,식품,CJ,16,1,17,N,1,0.186
male,19,550000,학생,미혼,진보적,1082000,고가,교육,윌라,20,11,10,Y,12,0.545
female,31,560000,취업준비생,기혼,보수적,690000,고가,가구,일룸,28,10,16,Y,11,0.551
female,50,7090000,사무직,기혼,보수적,1094000,고가,패션,COS,25,7,10,Y,2,0.21
female,42,17450000,전문직,미혼,보수적,129000,중저가,건강관리,종근당,17,4,23,N,1,0.182
male,37,7690000,공무원,기혼,보수적,725000,고가,명품,구찌,21,6,15,N,5,0.158
male,43,11220000,자영업,미혼,보수적,196000,중저가,전자기기,소니,24,5,18,N,6,0.072
male,54,9360000,프리랜서,미혼,진보적,55000,저가,생활용품,유한킴벌리,23,3,18,N,0,0.121
female,57,13640000,대기업직원,기혼,진보적,124000,중저가,교육,패스트캠퍼스,16,3,22,N,3,0.149
female,30,4320000,주부,기혼,보수적,19000,초저가,가구,한샘,18,2,23,N,4,0.169
female,75,5410000,은퇴자,기혼,보수적,1278000,고가,패션,무신사스탠다드,31,7,18,Y,5,0.265
male,29,770000,학생,미혼,진보적,7000,초저가,식품,풀무원,7,2,1,N,1,0.221
male,29,920000,취업준비생,미혼,진보적,131000,중저가,여행,마이리얼트립,24,3,22,N,5,0.251
male,28,2580000,사무직,기혼,진보적,872000,고가,전자기기,레노버,38,3,20,N,7,0.304
female,52,4970000,전문직,기혼,진보적,72000,저가,생활용품,유한킴벌리,13,0,23,N,4,0.225
female,47,2860000,공무원,미혼,보수적,416000,고가,교육,클래스101,31,7,23,N,4,0.21
female,53,2270000,자영업,기혼,진보적,4023000,초고가,명품,프라다,42,11,21,Y,12,0.538
male,32,1840000,프리랜서,미혼,보수적,39000,저가,화장품,설화수,13,2,12,N,4,0.107
male,35,3940000,대기업직원,미혼,보수적,14000,초저가,식품,오뚜기,22,1,18,N,1,0.193
male,40,840000,주부,기혼,보수적,4864000,초고가,여행,아시아나,46,29,18,Y,27,0.499
female,67,1150000,은퇴자,기혼,보수적,739000,고가,전자기기,삼성,35,7,20,Y,9,0.494
female,28,1210000,학생,미혼,진보적,527000,고가,패션,나이키,32,7,1,Y,4,0.536
female,27,1280000,취업준비생,기혼,진보적,712000,고가,건강관리,락토핏,21,6,18,Y,5,0.524
male,38,3360000,사무직,미혼,보수적,6518000,초고가,명품,버버리,46,15,22,Y,14,0.55
male,29,6880000,전문직,미혼,진보적,39000,저가,화장품,설화수,11,3,22,N,2,0.187
male,57,3860000,공무원,미혼,보수적,57000,저가,식품,CJ,24,4,21,N,2,0.083
female,63,3360000,자영업,기혼,보수적,168000,중저가,교육,시원스쿨,17,5,22,N,4,0.153
female,42,2610000,프리랜서,미혼,보수적,5351000,초고가,가구,리바트,40,17,19,Y,14,0.504
female,45,5280000,대기업직원,기혼,보수적,510000,고가,패션,ZARA,34,5,9,N,5,0.145
male,50,1450000,주부,기혼,진보적,363000,고가,건강관리,센트룸,28,5,18,Y,5,0.281
male,59,1790000,은퇴자,기혼,진보적,375000,고가,명품,구찌,29,6,19,Y,6,0.294
male,27,1570000,학생,미혼,보수적,761000,고가,전자기기,애플,30,8,12,Y,9,0.426
female,25,1810000,취업준비생,미혼,보수적,79000,저가,생활용품,락앤락,19,6,17,N,3,0.044
female,48,3960000,사무직,기혼,보수적,2421000,초고가,교육,메가스터디,30,9,14,Y,8,0.463
female,39,9170000,전문직,기혼,보수적,6012000,초고가,가구,리바트,28,12,12,Y,6,0.477
male,31,4670000,공무원,미혼,진보적,45000,저가,패션,무신사스탠다드,23,1,22,N,2,0.23
male,37,4860000,자영업,기혼,진보적,10000,초저가,식품,동원,7,0,11,N,0,0.227
male,52,4380000,프리랜서,미혼,진보적,363000,고가,여행,하나투어,28,4,16,N,6,0.183
female,55,7100000,대기업직원,기혼,보수적,538000,고가,전자기기,LG,31,5,0,N,7,0.207
female,60,2330000,주부,기혼,진보적,106000,중저가,생활용품,깨끗한나라,12,3,19,Y,4,0.166
female,69,2490000,은퇴자,기혼,진보적,327000,고가,교육,클래스101,15,6,16,N,4,0.146
male,26,530000,학생,미혼,보수적,410000,고가,명품,샤넬,34,9,23,Y,9,0.645
male,23,650000,취업준비생,미혼,진보적,69000,저가,화장품,라네즈,14,3,20,N,3,0.135
male,26,5260000,사무직,미혼,진보적,28000,저가,식품,노브랜드,12,2,13,N,1,0.157
female,49,12050000,전문직,미혼,보수적,723000,고가,여행,하나투어,24,5,14,N,6,0.123
female,41,5530000,공무원,미혼,보수적,3385000,초고가,전자기기,삼성,46,9,12,Y,8,0.417
female,47,7450000,자영업,기혼,진보적,471000,고가,패션,아디다스,29,3,22,N,2,0.254
male,30,6070000,프리랜서,미혼,진보적,1781000,초고가,건강관리,종근당,17,6,16,Y,7,0.34
male,33,9640000,대기업직원,기혼,진보적,4620000,초고가,명품,루이비통,35,8,21,Y,6,0.466
male,38,3410000,주부,기혼,보수적,163000,중저가,화장품,올리브영PB,28,7,11,N,1,0.15
female,61,3540000,은퇴자,기혼,보수적,37000,저가,식품,CJ,18,2,17,Y,1,0.191
female,25,760000,학생,미혼,보수적,1155000,고가,교육,윌라,31,13,1,Y,8,0.58
female,33,960000,취업준비생,미혼,보수적,2456000,초고가,가구,일룸,29,19,12,Y,16,0.542
male,36,6380000,사무직,기혼,보수적,30000,저가,패션,COS,18,3,17,N,2,0.124
male,59,18610000,전문직,미혼,보수적,510000,고가,건강관리,종근당,29,6,15,N,3,0.097
male,51,6910000,공무원,미혼,진보적,3120000,초고가,명품,구찌,40,5,0,Y,9,0.454
female,57,12820000,자영업,기혼,진보적,415000,고가,전자기기,소니,28,5,12,N,3,0.118
female,40,9520000,프리랜서,미혼,보수적,374000,고가,생활용품,유한킴벌리,18,6,15,N,1,0.121
female,43,11520000,대기업직원,미혼,진보적,1285000,고가,교육,패스트캠퍼스,21,6,15,Y,2,0.207
male,48,4380000,주부,미혼,보수적,120000,중저가,가구,한샘,30,7,11,N,5,0.084
male,71,5210000,은퇴자,기혼,보수적,34000,저가,패션,무신사스탠다드,28,4,10,N,2,0.107
male,24,1120000,학생,미혼,진보적,43000,저가,식품,풀무원,4,4,1,N,3,0.162
female,31,1370000,취업준비생,미혼,진보적,6846000,초고가,여행,마이리얼트립,41,25,14,Y,24,0.544
female,46,2800000,사무직,기혼,보수적,1800000,초고가,전자기기,레노버,44,8,16,Y,8,0.475
female,36,4660000,전문직,기혼,진보적,137000,중저가,생활용품,유한킴벌리,19,1,9,N,1,0.191
male,25,2990000,공무원,미혼,진보적,36000,저가,교육,클래스101,10,2,11,N,2,0.107
male,31,2270000,자영업,미혼,보수적,413000,고가,명품,프라다,23,6,11,Y,7,0.241
male,50,1920000,프리랜서,미혼,보수적,264000,중저가,화장품,설화수,31,4,13,N,3,0.173
female,53,4170000,대기업직원,기혼,진보적,70000,저가,식품,오뚜기,15,2,15,N,3,0.087
female,58,800000,주부,기혼,보수적,3470000,초고가,여행,아시아나,46,24,9,Y,24,0.506
female,63,1110000,은퇴자,미혼,보수적,2259000,초고가,전자기기,삼성,34,17,3,Y,16,0.545
male,23,1750000,학생,미혼,진보적,43000,저가,패션,나이키,20,3,12,N,3,0.109
male,29,1840000,취업준비생,미혼,진보적,5862000,초고가,건강관리,락토핏,24,17,11,Y,17,0.542
male,24,3300000,사무직,미혼,보수적,429000,고가,명품,버버리,25,6,9,N,6,0.193
female,46,6500000,전문직,미혼,진보적,233000,중저가,화장품,설화수,21,4,11,N,1,0.178
female,35,3590000,공무원,기혼,보수적,122000,중저가,식품,CJ,21,5,21,N,2,0.078
female,41,3060000,자영업,기혼,진보적,945000,고가,교육,시원스쿨,23,6,15,N,4,0.28
male,28,2840000,프리랜서,미혼,진보적,108000,중저가,가구,리바트,23,1,22,N,6,0.23
male,31,5690000,대기업직원,미혼,보수적,63000,저가,패션,ZARA,28,2,21,N,3,0.104
male,36,1290000,주부,기혼,진보적,3948000,초고가,건강관리,센트룸,25,17,10,Y,16,0.484
female,73,1670000,은퇴자,기혼,보수적,1977000,초고가,명품,구찌,47,11,17,Y,12,0.512
female,22,480000,학생,미혼,보수적,6162000,초고가,전자기기,애플,38,57,19,Y,57,0.534
female,27,580000,취업준비생,미혼,진보적,161000,중저가,생활용품,락앤락,21,5,17,N,3,0.248
male,34,4400000,사무직,기혼,진보적,52000,저가,교육,메가스터디,22,1,23,N,1,0.252
male,56,9480000,전문직,기혼,보수적,436000,고가,가구,리바트,35,8,14,N,4,0.097
male,45,4910000,공무원,미혼,진보적,213000,중저가,패션,무신사스탠다드,24,2,17,N,2,0.152
female,51,5000000,자영업,기혼,보수적,54000,저가,식품,동원,18,2,14,N,0,0.142
female,38,4300000,프리랜서,기혼,진보적,2547000,초고가,여행,하나투어,32,6,15,Y,9,0.537
female,41,7760000,대기업직원,기혼,진보적,5243000,초고가,전자기기,LG,36,6,10,Y,9,0.516
male,46,2180000,주부,기혼,진보적,12000,초저가,생활용품,깨끗한나라,9,1,12,N,3,0.148
male,65,2780000,은퇴자,기혼,보수적,32000,저가,교육,클래스101,20,4,14,N,3,0.09
male,21,830000,학생,미혼,보수적,2510000,초고가,명품,샤넬,32,18,20,Y,19,0.579
female,25,990000,취업준비생,미혼,진보적,265000,중저가,화장품,라네즈,12,5,20,Y,2,0.334
female,44,5190000,사무직,미혼,보수적,232000,중저가,식품,노브랜드,18,4,16,N,3,0.094
female,33,12510000,전문직,미혼,보수적,2358000,초고가,여행,하나투어,33,9,17,Y,5,0.241
male,55,5720000,공무원,기혼,보수적,142000,중저가,전자기기,삼성,24,4,19,N,6,0.088
male,61,8730000,자영업,기혼,보수적,27000,저가,패션,아디다스,23,5,17,N,0,0.153
male,48,6150000,프리랜서,미혼,진보적,74000,저가,건강관리,종근당,9,1,19,N,3,0.192
female,51,10310000,대기업직원,기혼,진보적,630000,고가,명품,루이비통,20,5,18,N,4,0.19
female,56,3040000,주부,기혼,진보적,2404000,초고가,화장품,올리브영PB,32,10,18,Y,7,0.546
female,75,3760000,은퇴자,기혼,진보적,104000,중저가,식품,CJ,13,2,15,N,3,0.106
male,20,1310000,학생,미혼,진보적,47000,저가,교육,윌라,21,2,13,N,0,0.171
male,23,1360000,취업준비생,미혼,진보적,168000,중저가,가구,일룸,10,5,0,N,6,0.234
male,54,6290000,사무직,미혼,진보적,105000,중저가,패션,COS,26,2,12,N,4,0.13
female,43,15730000,전문직,기혼,보수적,5709000,초고가,건강관리,종근당,36,7,14,Y,7,0.326
female,29,7690000,공무원,미혼,진보적,486000,고가,명품,구찌,26,4,9,N,6,0.18
female,35,11140000,자영업,기혼,진보적,6727000,초고가,전자기기,소니,33,8,9,Y,9,0.483
male,26,9000000,프리랜서,미혼,진보적,3000,초저가,생활용품,유한킴벌리,4,3,1,N,0,0.239
male,29,12600000,대기업직원,미혼,진보적,62000,저가,교육,패스트캠퍼스,7,3,20,N,0,0.181
male,34,4330000,주부,기혼,진보적,577000,고가,가구,한샘,18,6,18,N,6,0.161
female,67,5010000,은퇴자,기혼,보수적,823000,고가,패션,무신사스탠다드,29,6,18,N,2,0.218
female,19,1670000,학생,미혼,보수적,251000,중저가,식품,풀무원,24,5,11,N,2,0.146
female,33,1820000,취업준비생,미혼,보수적,1684000,초고가,여행,마이리얼트립,37,9,12,Y,10,0.567
male,32,2460000,사무직,기혼,보수적,156000,중저가,전자기기,레노버,23,4,12,N,5,0.131
male,53,4830000,전문직,기혼,진보적,16000,초저가,생활용품,유한킴벌리,10,2,21,N,3,0.083
male,39,2900000,공무원,미혼,진보적,150000,중저가,교육,클래스101,17,3,17,N,4,0.113
female,45,2210000,자영업,기혼,보수적,4773000,초고가,명품,프라다,39,15,10,Y,14,0.548
female,36,1900000,프리랜서,기혼,진보적,1233000,고가,화장품,설화수,24,5,15,Y,5,0.585
female,39,3930000,대기업직원,미혼,진보적,232000,중저가,식품,오뚜기,18,2,19,N,2,0.129
male,44,790000,주부,기혼,보수적,118000,중저가,여행,아시아나,31,5,12,N,6,0.148
male,59,1190000,은퇴자,미혼,보수적,175000,중저가,전자기기,삼성,33,4,10,Y,3,0.227
male,29,550000,학생,미혼,진보적,224000,중저가,패션,나이키,28,6,13,N,3,0.362
female,31,640000,취업준비생,미혼,진보적,42000,저가,건강관리,락토핏,11,2,18,N,0,0.202
female,42,3470000,사무직,기혼,보수적,19000,초저가,명품,버버리,29,3,9,Y,2,0.164
female,30,6500000,전문직,기혼,보수적,966000,고가,화장품,설화수,28,7,19,Y,2,0.21
male,49,3550000,공무원,기혼,보수적,19000,초저가,식품,CJ,17,2,18,Y,0,0.164
male,55,3620000,자영업,기혼,보수적,38000,저가,교육,시원스쿨,26,4,17,N,2,0.074
male,46,2590000,프리랜서,기혼,진보적,741000,고가,가구,리바트,29,5,0,Y,6,0.37
female,49,5200000,대기업직원,기혼,보수적,262000,중저가,패션,ZARA,26,4,2,N,1,0.202
female,54,1440000,주부,기혼,보수적,83000,저가,건강관리,센트룸,24,3,21,N,1,0.137
female,69,1870000,은퇴자,기혼,보수적,663000,고가,명품,구찌,46,8,9,Y,8,0.35
male,28,830000,학생,미혼,보수적,1315000,고가,전자기기,애플,31,12,19,Y,12,0.527
male,29,950000,취업준비생,미혼,보수적,5000,초저가,생활용품,락앤락,20,2,17,N,0,0.117
male,52,4410000,사무직,기혼,보수적,511000,고가,교육,메가스터디,28,8,13,N,3,0.121
female,40,9990000,전문직,기혼,진보적,704000,고가,가구,리바트,18,3,16,N,7,0.141
female,59,4840000,공무원,기혼,보수적,1315000,고가,패션,무신사스탠다드,39,8,16,N,3,0.237
female,65,5120000,자영업,기혼,보수적,243000,중저가,식품,동원,18,3,19,N,2,0.081
male,24,4330000,프리랜서,기혼,진보적,235000,중저가,여행,하나투어,22,2,14,N,4,0.165
male,27,6780000,대기업직원,기혼,진보적,701000,고가,전자기기,LG,29,5,19,N,6,0.127
male,32,2290000,주부,기혼,진보적,36000,저가,생활용품,깨끗한나라,15,2,22,N,1,0.203
female,61,2650000,은퇴자,기혼,보수적,129000,중저가,교육,클래스101,25,4,19,N,1,0.134
female,27,1240000,학생,미혼,진보적,981000,고가,명품,샤넬,37,5,20,Y,9,0.577
female,27,1270000,취업준비생,기혼,보수적,730000,고가,화장품,라네즈,38,7,14,N,5,0.492
male,30,4880000,사무직,미혼,보수적,3000,초저가,식품,노브랜드,9,2,22,N,0,0.186
male,50,12930000,전문직,미혼,진보적,170000,중저가,여행,하나투어,19,2,15,N,3,0.16
male,33,5360000,공무원,기혼,진보적,770000,고가,전자기기,삼성,19,5,17,N,6,0.157
female,39,8190000,자영업,기혼,보수적,770000,고가,패션,아디다스,35,7,20,N,3,0.149
female,34,6920000,프리랜서,기혼,진보적,121000,중저가,건강관리,종근당,10,2,13,N,4,0.101
female,37,9200000,대기업직원,기혼,진보적,5937000,초고가,명품,루이비통,34,9,14,Y,9,0.529
male,42,3500000,주부,미혼,진보적,28000,저가,화장품,올리브영PB,14,4,14,N,4,0.115
male,71,4130000,은퇴자,기혼,보수적,7000,초저가,식품,CJ,15,4,17,N,0,0.137
male,26,1590000,학생,미혼,진보적,131000,중저가,교육,윌라,18,5,9,N,1,0.172
female,25,1720000,취업준비생,미혼,진보적,582000,고가,가구,일룸,27,6,21,Y,6,0.374
female,40,7010000,사무직,미혼,진보적,1035000,고가,패션,COS,32,6,22,Y,3,0.279
female,60,17430000,전문직,기혼,진보적,40000,저가,건강관리,종근당,21,0,19,N,3,0.173
male,43,6760000,공무원,기혼,진보적,4427000,초고가,명품,구찌,29,8,10,Y,7,0.535
male,49,11660000,자영업,미혼,진보적,144000,중저가,전자기기,소니,16,1,0,N,5,0.241
male,44,8980000,프리랜서,기혼,진보적,71000,저가,생활용품,유한킴벌리,10,3,20,N,3,0.117
female,47,13720000,대기업직원,미혼,진보적,105000,중저가,교육,패스트캠퍼스,19,1,21,N,3,0.184
female,52,4730000,주부,미혼,진보적,4903000,초고가,가구,한샘,30,10,15,Y,11,0.506
female,63,5250000,은퇴자,기혼,보수적,710000,고가,패션,무신사스탠다드,25,5,18,N,3,0.191
male,25,540000,학생,미혼,진보적,20000,초저가,식품,풀무원,6,2,13,N,4,0.079
male,23,570000,취업준비생,미혼,진보적,396000,고가,여행,마이리얼트립,37,8,22,Y,9,0.664
male,50,2390000,사무직,기혼,진보적,370000,고가,전자기기,레노버,28,4,17,Y,6,0.231
female,37,5250000,전문직,기혼,진보적,31000,저가,생활용품,유한킴벌리,8,1,15,N,0,0.232
female,53,2820000,공무원,기혼,진보적,435000,고가,교육,클래스101,20,6,16,N,5,0.142
female,59,2280000,자영업,기혼,보수적,564000,고가,명품,프라다,36,6,23,N,6,0.336
male,54,1770000,프리랜서,미혼,보수적,54000,저가,화장품,설화수,19,5,18,N,2,0.118
male,57,4100000,대기업직원,기혼,보수적,4000,초저가,식품,오뚜기,16,3,13,N,3,0.075
male,30,840000,주부,미혼,보수적,481000,고가,여행,아시아나,43,7,0,Y,7,0.534
female,73,1200000,은퇴자,기혼,보수적,430000,고가,전자기기,삼성,43,8,11,Y,6,0.323
female,24,860000,학생,미혼,보수적,406000,고가,패션,나이키,34,7,2,Y,3,0.548
female,33,840000,취업준비생,미혼,보수적,210000,중저가,건강관리,락토핏,16,5,16,N,4,0.249
male,28,3150000,사무직,미혼,진보적,1733000,초고가,명품,버버리,39,7,13,Y,7,0.514
male,47,7140000,전문직,기혼,진보적,63000,저가,화장품,설화수,24,3,12,N,1,0.123
male,27,3770000,공무원,기혼,진보적,59000,저가,식품,CJ,16,4,19,N,4,0.054
female,33,3210000,자영업,미혼,진보적,185000,중저가,교육,시원스쿨,8,4,22,Y,3,0.261
female,32,2720000,프리랜서,미혼,진보적,3383000,초고가,가구,리바트,26,12,10,Y,12,0.516
female,35,5790000,대기업직원,기혼,보수적,562000,고가,패션,ZARA,29,6,17,Y,2,0.225
male,40,1530000,주부,기혼,진보적,230000,중저가,건강관리,센트룸,7,3,10,N,3,0.18
male,65,1670000,은퇴자,기혼,진보적,3375000,초고가,명품,구찌,31,12,9,Y,13,0.558
male,23,1110000,학생,미혼,진보적,882000,고가,전자기기,애플,32,6,10,Y,9,0.55
female,31,1390000,취업준비생,미혼,보수적,32000,저가,생활용품,락앤락,10,4,16,N,3,0.064
female,38,4130000,사무직,미혼,보수적,1181000,고가,교육,메가스터디,19,8,0,Y,5,0.342
female,57,10040000,전문직,미혼,진보적,2393000,초고가,가구,리바트,33,8,17,N,6,0.199
male,37,4480000,공무원,기혼,보수적,55000,저가,패션,무신사스탠다드,22,5,13,N,3,0.081
male,43,5180000,자영업,미혼,진보적,66000,저가,식품,동원,12,2,18,N,2,0.083
male,42,4520000,프리랜서,기혼,진보적,4002000,초고가,여행,하나투어,31,7,15,Y,10,0.559
female,45,7780000,대기업직원,기혼,진보적,962000,고가,전자기기,LG,31,5,23,N,7,0.188
female,50,2240000,주부,기혼,진보적,277000,중저가,생활용품,깨끗한나라,19,3,21,N,2,0.153
female,75,2600000,은퇴자,기혼,보수적,765000,고가,교육,클래스101,24,5,11,Y,5,0.301
male,22,1650000,학생,미혼,보수적,2257000,초고가,명품,샤넬,42,11,15,Y,11,0.563
male,29,1790000,취업준비생,미혼,보수적,191000,중저가,화장품,라네즈,27,3,17,N,1,0.213
male,48,5540000,사무직,기혼,보수적,217000,중저가,식품,노브랜드,27,6,12,N,4,0.065
female,34,13660000,전문직,기혼,보수적,332000,고가,여행,하나투어,36,6,19,N,3,0.134
female,47,5480000,공무원,미혼,보수적,1837000,초고가,전자기기,삼성,33,7,3,Y,7,0.397
female,53,7810000,자영업,기혼,보수적,391000,고가,패션,아디다스,29,6,11,N,2,0.133
male,52,6690000,프리랜서,미혼,진보적,403000,고가,건강관리,종근당,26,2,10,N,5,0.151
male,55,10050000,대기업직원,기혼,보수적,433000,고가,명품,루이비통,39,6,9,Y,6,0.186
male,60,3120000,주부,기혼,보수적,609000,고가,화장품,올리브영PB,30,7,16,Y,5,0.224
female,67,4090000,은퇴자,기혼,보수적,32000,저가,식품,CJ,15,3,21,N,2,0.077
female,21,550000,학생,미혼,보수적,832000,고가,교육,윌라,24,12,11,Y,9,0.531
female,27,650000,취업준비생,미혼,진보적,1782000,초고가,가구,일룸,35,17,10,Y,16,0.544
male,26,6110000,사무직,미혼,진보적,75000,저가,패션,COS,12,3,13,N,2,0.145
male,44,17980000,전문직,기혼,진보적,178000,중저가,건강관리,종근당,10,2,14,N,1,0.179
male,57,7320000,공무원,기혼,보수적,1112000,고가,명품,구찌,28,8,17,N,4,0.181
female,63,11430000,자영업,미혼,보수적,789000,고가,전자기기,소니,25,6,18,Y,5,0.196
female,30,9010000,프리랜서,기혼,진보적,150000,중저가,생활용품,유한킴벌리,17,1,20,N,3,0.137
female,33,12420000,대기업직원,미혼,진보적,749000,고가,교육,패스트캠퍼스,25,6,13,Y,2,0.182
male,38,4160000,주부,미혼,보수적,237000,중저가,가구,한샘,27,3,18,N,3,0.121
male,59,5070000,은퇴자,기혼,진보적,28000,저가,패션,무신사스탠다드,30,1,23,N,3,0.241
male,20,770000,학생,미혼,진보적,54000,저가,식품,풀무원,18,0,21,N,1,0.2
female,25,890000,취업준비생,미혼,진보적,678000,고가,여행,마이리얼트립,27,6,3,Y,8,0.655
female,36,2850000,사무직,미혼,보수적,4000,초저가,전자기기,레노버,12,3,20,N,5,0.082
female,54,4640000,전문직,기혼,보수적,104000,중저가,생활용품,유한킴벌리,16,5,21,N,3,0.061
male,31,2900000,공무원,미혼,보수적,27000,저가,교육,클래스101,14,6,22,N,1,0.178
male,37,2050000,자영업,미혼,보수적,6000,초저가,명품,프라다,27,5,16,N,3,0.111
male,40,1840000,프리랜서,미혼,진보적,191000,중저가,화장품,설화수,25,3,17,N,2,0.169
female,43,3860000,대기업직원,기혼,진보적,80000,저가,식품,오뚜기,17,2,23,N,1,0.18
female,48,870000,주부,기혼,진보적,3182000,초고가,여행,아시아나,45,19,10,Y,21,0.523
female,69,1280000,은퇴자,기혼,보수적,8000,초저가,전자기기,삼성,21,4,13,Y,2,0.168
male,19,1240000,학생,미혼,보수적,58000,저가,패션,나이키,20,4,18,N,0,0.143
male,23,1350000,취업준비생,미혼,진보적,479000,고가,건강관리,락토핏,28,5,10,Y,5,0.401
male,46,3090000,사무직,미혼,진보적,6376000,초고가,명품,버버리,36,12,23,Y,13,0.56
female,31,6620000,전문직,기혼,보수적,214000,중저가,화장품,설화수,27,4,9,N,1,0.155
female,41,3780000,공무원,기혼,진보적,949000,고가,식품,CJ,17,5,9,N,3,0.204
female,47,3570000,자영업,기혼,보수적,448000,고가,교육,시원스쿨,32,6,18,Y,4,0.201
male,50,2830000,프리랜서,기혼,진보적,1223000,고가,가구,리바트,23,4,23,Y,6,0.511
male,53,5270000,대기업직원,기혼,보수적,29000,저가,패션,ZARA,21,5,23,Y,1,0.26
male,58,1300000,주부,기혼,진보적,348000,고가,건강관리,센트룸,20,5,0,Y,4,0.382
female,61,1700000,은퇴자,미혼,보수적,419000,고가,명품,구찌,31,5,13,N,6,0.276
female,29,1650000,학생,미혼,보수적,4638000,초고가,전자기기,애플,41,18,11,Y,16,0.553
female,33,1850000,취업준비생,기혼,진보적,204000,중저가,생활용품,락앤락,8,2,23,N,5,0.195
male,24,4310000,사무직,미혼,진보적,35000,저가,교육,메가스터디,11,3,10,N,0,0.149
male,41,9750000,전문직,기혼,보수적,245000,중저가,가구,리바트,16,4,23,Y,6,0.194
male,51,4740000,공무원,기혼,진보적,103000,중저가,패션,무신사스탠다드,19,3,9,N,1,0.151
female,57,4690000,자영업,미혼,진보적,36000,저가,식품,동원,13,2,17,N,4,0.065
female,28,4360000,프리랜서,기혼,보수적,5456000,초고가,여행,하나투어,44,10,16,Y,10,0.536
female,31,6790000,대기업직원,기혼,보수적,3367000,초고가,전자기기,LG,44,9,19,Y,9,0.4
male,36,2280000,주부,기혼,보수적,10000,초저가,생활용품,깨끗한나라,16,4,14,N,2,0.064
male,71,2620000,은퇴자,기혼,보수적,35000,저가,교육,클래스101,21,3,22,N,1,0.194
male,28,520000,학생,미혼,진보적,465000,고가,명품,샤넬,36,6,11,Y,10,0.59
female,31,620000,취업준비생,미혼,보수적,109000,중저가,화장품,라네즈,17,7,12,N,2,0.181
female,34,4940000,사무직,기혼,진보적,103000,중저가,식품,노브랜드,7,3,13,N,2,0.146
female,51,14210000,전문직,미혼,보수적,3088000,초고가,여행,하나투어,42,7,13,Y,5,0.243
male,25,6360000,공무원,미혼,진보적,129000,중저가,전자기기,삼성,16,1,12,N,5,0.151
male,31,8410000,자영업,미혼,진보적,77000,저가,패션,아디다스,13,3,11,N,2,0.107
male,38,6860000,프리랜서,미혼,진보적,3662000,초고가,건강관리,종근당,25,9,9,Y,5,0.472
female,41,9500000,대기업직원,기혼,보수적,7833000,초고가,명품,루이비통,38,9,12,Y,10,0.491
female,46,3360000,주부,기혼,진보적,1913000,초고가,화장품,올리브영PB,30,6,18,Y,7,0.511
female,63,3760000,은퇴자,기혼,보수적,157000,중저가,식품,CJ,24,5,14,Y,1,0.176
male,27,740000,학생,미혼,보수적,34000,저가,교육,윌라,22,5,21,N,2,0.105
male,29,910000,취업준비생,미혼,진보적,230000,중저가,가구,일룸,18,5,16,N,4,0.262
male,44,6880000,사무직,기혼,진보적,236000,중저가,패션,COS,28,1,18,N,3,0.175
female,28,15960000,전문직,미혼,진보적,621000,고가,건강관리,종근당,22,4,16,N,1,0.176
female,35,6630000,공무원,미혼,보수적,7962000,초고가,명품,구찌,48,11,9,Y,11,0.477
female,41,13180000,자영업,기혼,진보적,12000,초저가,전자기기,소니,17,0,18,N,3,0.156
male,48,8960000,프리랜서,미혼,진보적,21000,초저가,생활용품,유한킴벌리,5,3,0,N,1,0.215
male,51,11560000,대기업직원,기혼,진보적,66000,저가,교육,패스트캠퍼스,15,2,10,N,3,0.101
male,56,4500000,주부,기혼,진보적,1216000,고가,가구,한샘,16,5,12,Y,6,0.293
female,73,5070000,은퇴자,기혼,보수적,250000,중저가,패션,무신사스탠다드,30,4,12,N,1,0.184
female,26,1120000,학생,미혼,진보적,273000,중저가,식품,풀무원,15,3,15,N,2,0.261
female,27,1370000,취업준비생,미혼,진보적,4854000,초고가,여행,마이리얼트립,32,18,23,Y,18,0.629
male,54,2400000,사무직,기혼,보수적,252000,중저가,전자기기,레노버,26,5,22,N,7,0.161
male,38,5080000,전문직,기혼,보수적,4000,초저가,생활용품,유한킴벌리,10,3,19,N,2,0.104
male,45,2710000,공무원,미혼,보수적,143000,중저가,교육,클래스101,22,5,17,N,1,0.141
female,51,2120000,자영업,미혼,진보적,1251000,고가,명품,프라다,41,6,16,Y,7,0.514
female,26,1680000,프리랜서,미혼,보수적,872000,고가,화장품,설화수,35,10,13,Y,5,0.447
female,29,3970000,대기업직원,기혼,진보적,229000,중저가,식품,오뚜기,22,4,13,N,4,0.079
male,34,860000,주부,기혼,보수적,258000,중저가,여행,아시아나,27,5,11,Y,4,0.324
male,65,1110000,은퇴자,기혼,보수적,519000,고가,전자기기,삼성,32,7,10,Y,7,0.387
male,25,1650000,학생,미혼,진보적,152000,중저가,패션,나이키,29,4,9,N,2,0.127
female,25,1640000,취업준비생,미혼,보수적,15000,초저가,건강관리,락토핏,7,4,22,N,1,0.194
female,32,2960000,사무직,미혼,보수적,346000,고가,명품,버버리,37,5,21,N,5,0.199
female,48,6560000,전문직,기혼,진보적,798000,고가,화장품,설화수,20,5,2,Y,5,0.274
male,55,3410000,공무원,기혼,보수적,6000,초저가,식품,CJ,25,4,18,N,1,0.116
male,61,3280000,자영업,미혼,보수적,52000,저가,교육,시원스쿨,17,4,17,N,3,0.095
male,36,3000000,프리랜서,미혼,보수적,680000,고가,가구,리바트,22,5,15,Y,4,0.278
female,39,5800000,대기업직원,미혼,진보적,260000,중저가,패션,ZARA,20,2,13,Y,4,0.189
female,44,1500000,주부,기혼,진보적,2943000,초고가,건강관리,센트룸,33,13,12,Y,10,0.471
female,75,1920000,은퇴자,기혼,진보적,2351000,초고가,명품,구찌,42,11,10,Y,10,0.541
male,24,470000,학생,미혼,진보적,133000,중저가,전자기기,애플,26,3,0,N,5,0.356
male,23,620000,취업준비생,미혼,진보적,19000,초저가,생활용품,락앤락,8,2,11,N,3,0.103
male,42,3900000,사무직,기혼,보수적,128000,중저가,교육,메가스터디,21,6,19,N,3,0.065
female,58,9000000,전문직,미혼,진보적,574000,고가,가구,리바트,29,5,19,N,4,0.142
female,29,4860000,공무원,미혼,진보적,577000,고가,패션,무신사스탠다드,28,5,18,Y,3,0.253
female,35,5250000,자영업,기혼,보수적,184000,중저가,식품,동원,13,3,10,N,4,0.102
male,46,4670000,프리랜서,기혼,보수적,97000,중저가,여행,하나투어,19,6,2,Y,4,0.201
male,49,7210000,대기업직원,기혼,보수적,155000,중저가,전자기기,LG,30,4,21,N,3,0.101
male,54,2170000,주부,기혼,진보적,40000,저가,생활용품,깨끗한나라,12,2,21,N,4,0.07
female,67,2750000,은퇴자,기혼,보수적,108000,중저가,교육,클래스101,27,6,22,N,4,0.151
female,23,790000,학생,미혼,보수적,2247000,초고가,명품,샤넬,40,19,19,Y,18,0.542
female,33,910000,취업준비생,미혼,진보적,389000,고가,화장품,라네즈,25,6,1,Y,5,0.494
male,52,4950000,사무직,미혼,진보적,9000,초저가,식품,노브랜드,6,0,12,N,4,0.17
male,35,12830000,전문직,기혼,진보적,219000,중저가,여행,하나투어,23,2,0,N,6,0.184
male,39,6300000,공무원,기혼,진보적,1266000,고가,전자기기,삼성,28,4,17,Y,5,0.255
female,45,8410000,자영업,기혼,보수적,228000,중저가,패션,아디다스,20,4,14,N,3,0.137
female,24,6370000,프리랜서,미혼,진보적,265000,중저가,건강관리,종근당,14,3,16,Y,4,0.153
female,27,10070000,대기업직원,미혼,진보적,339000,고가,명품,루이비통,25,2,19,N,3,0.184
male,32,3340000,주부,기혼,진보적,38000,저가,화장품,올리브영PB,12,1,16,N,3,0.165
male,59,3980000,은퇴자,기혼,진보적,53000,저가,식품,CJ,20,0,14,N,0,0.222
male,22,1300000,학생,미혼,보수적,228000,중저가,교육,윌라,19,4,20,Y,2,0.261
female,31,1370000,취업준비생,미혼,진보적,548000,고가,가구,일룸,26,5,18,Y,7,0.396
female,30,6180000,사무직,미혼,진보적,737000,고가,패션,COS,17,4,15,N,4,0.184
female,45,16230000,전문직,기혼,보수적,4116000,초고가,건강관리,종근당,28,10,2,N,4,0.255
male,49,7300000,공무원,기혼,보수적,593000,고가,명품,구찌,33,5,22,N,7,0.182
male,55,11490000,자영업,기혼,진보적,432000,고가,전자기기,소니,23,2,9,Y,4,0.202
male,34,9600000,프리랜서,기혼,진보적,84000,저가,생활용품,유한킴벌리,13,1,15,N,2,0.179
female,37,12430000,대기업직원,기혼,진보적,154000,중저가,교육,패스트캠퍼스,21,4,20,N,1,0.126
female,42,4660000,주부,기혼,보수적,7256000,초고가,가구,한샘,35,13,9,Y,12,0.479
female,69,5210000,은퇴자,기혼,보수적,2058000,초고가,패션,무신사스탠다드,42,8,11,N,7,0.34
male,21,1590000,학생,미혼,진보적,19000,초저가,식품,풀무원,10,3,22,N,0,0.178
male,29,1740000,취업준비생,미혼,보수적,195000,중저가,여행,마이리얼트립,32,3,14,N,6,0.155
male,40,2510000,사무직,기혼,진보적,776000,고가,전자기기,레노버,35,5,20,Y,4,0.345
female,55,5300000,전문직,기혼,보수적,40000,저가,생활용품,유한킴벌리,18,5,14,N,4,0.034
female,59,2590000,공무원,기혼,보수적,2748000,초고가,교육,클래스101,33,13,17,Y,7,0.445
female,65,2060000,자영업,기혼,진보적,3516000,초고가,명품,프라다,44,14,14,Y,12,0.575
male,44,1970000,프리랜서,미혼,보수적,106000,중저가,화장품,설화수,16,6,11,Y,4,0.157
male,47,4180000,대기업직원,기혼,보수적,21000,초저가,식품,오뚜기,16,2,16,Y,3,0.118
male,52,840000,주부,기혼,진보적,722000,고가,여행,아시아나,33,6,11,Y,10,0.526
female,61,1160000,은퇴자,미혼,보수적,8195000,초고가,전자기기,삼성,43,34,11,Y,32,0.496
female,20,490000,학생,미혼,진보적,653000,고가,패션,나이키,29,9,13,Y,8,0.561
female,27,640000,취업준비생,미혼,보수적,44000,저가,건강관리,락토핏,20,6,15,N,3,0.082
male,50,3060000,사무직,기혼,진보적,1646000,초고가,명품,버버리,35,8,12,Y,7,0.501
male,32,7400000,전문직,미혼,진보적,36000,저가,화장품,설화수,12,3,19,N,3,0.105
male,33,3790000,공무원,기혼,진보적,70000,저가,식품,CJ,19,1,10,N,4,0.151
female,39,3320000,자영업,기혼,진보적,223000,중저가,교육,시원스쿨,24,4,17,N,4,0.117
female,54,3070000,프리랜서,미혼,보수적,2886000,초고가,가구,리바트,37,13,16,Y,9,0.512
female,57,5150000,대기업직원,미혼,보수적,389000,고가,패션,ZARA,25,4,14,N,2,0.156
male,30,1420000,주부,기혼,보수적,36000,저가,건강관리,센트룸,18,4,20,N,3,0.101
male,71,1930000,은퇴자,기혼,진보적,5018000,초고가,명품,구찌,35,15,17,Y,14,0.534
male,19,760000,학생,미혼,진보적,601000,고가,전자기기,애플,36,8,20,Y,8,0.545
female,25,910000,취업준비생,미혼,진보적,42000,저가,생활용품,락앤락,16,2,14,N,3,0.111
female,28,4110000,사무직,미혼,진보적,885000,고가,교육,메가스터디,12,7,22,Y,5,0.33
female,42,9370000,전문직,미혼,진보적,1943000,초고가,가구,리바트,22,4,19,N,8,0.223
male,43,4250000,공무원,기혼,진보적,46000,저가,패션,무신사스탠다드,14,2,10,N,2,0.135
male,49,5390000,자영업,기혼,보수적,5000,초저가,식품,동원,12,5,19,N,2,0.045
male,32,4220000,프리랜서,미혼,보수적,1149000,고가,여행,하나투어,33,8,20,N,6,0.247
female,35,7760000,대기업직원,미혼,보수적,474000,고가,전자기기,LG,21,8,9,N,7,0.086
female,40,2050000,주부,기혼,보수적,126000,중저가,생활용품,깨끗한나라,14,5,2,N,4,0.142
female,63,2780000,은퇴자,기혼,보수적,990000,고가,교육,클래스101,32,5,22,N,6,0.358
male,29,1160000,학생,미혼,보수적,660000,고가,명품,샤넬,40,8,3,Y,8,0.553
male,23,1240000,취업준비생,미혼,진보적,56000,저가,화장품,라네즈,21,1,14,Y,4,0.214
male,38,4790000,사무직,기혼,진보적,80000,저가,식품,노브랜드,10,1,21,N,3,0.177
female,52,14290000,전문직,기혼,진보적,672000,고가,여행,하나투어,35,3,15,N,6,0.142
female,53,5990000,공무원,미혼,보수적,2365000,초고가,전자기기,삼성,46,8,20,N,9,0.272
female,59,8740000,자영업,기혼,보수적,487000,고가,패션,아디다스,29,5,12,N,4,0.123
male,42,7010000,프리랜서,기혼,보수적,262000,중저가,건강관리,종근당,27,3,23,N,4,0.149
male,45,9650000,대기업직원,기혼,보수적,5727000,초고가,명품,루이비통,49,10,20,Y,8,0.479
male,50,3050000,주부,기혼,보수적,211000,중저가,화장품,올리브영PB,20,6,16,N,3,0.137
female,73,4040000,은퇴자,기혼,보수적,43000,저가,식품,CJ,18,3,21,N,3,0.091
female,28,1680000,학생,미혼,진보적,409000,고가,교육,윌라,18,6,11,N,6,0.232
female,33,1860000,취업준비생,미혼,보수적,2630000,초고가,가구,일룸,39,13,13,Y,13,0.515
male,48,6910000,사무직,기혼,보수적,32000,저가,패션,COS,18,3,18,N,3,0.11
male,29,17590000,전문직,기혼,진보적,242000,중저가,건강관리,종근당,9,2,11,N,1,0.172
male,27,7460000,공무원,미혼,진보적,4439000,초고가,명품,구찌,38,10,16,Y,9,0.478
female,33,12290000,자영업,기혼,보수적,432000,고가,전자기기,소니,29,8,14,N,6,0.073
female,52,8990000,프리랜서,기혼,진보적,121000,중저가,생활용품,유한킴벌리,10,4,18,N,2,0.107
female,55,13040000,대기업직원,기혼,보수적,869000,고가,교육,패스트캠퍼스,23,5,20,N,5,0.086
male,60,4780000,주부,기혼,진보적,255000,중저가,가구,한샘,25,1,19,Y,5,0.232
male,65,5120000,은퇴자,미혼,보수적,45000,저가,패션,무신사스탠다드,24,5,19,N,1,0.122
male,27,470000,학생,기혼,진보적,76000,저가,식품,풀무원,17,1,17,N,2,0.222
female,31,570000,취업준비생,미혼,진보적,580000,고가,여행,마이리얼트립,32,7,19,Y,10,0.577
female,26,2680000,사무직,미혼,보수적,3387000,초고가,전자기기,레노버,39,10,11,Y,10,0.503
female,39,4930000,전문직,기혼,보수적,248000,중저가,생활용품,유한킴벌리,13,4,3,N,2,0.157
male,37,2610000,공무원,기혼,진보적,47000,저가,교육,클래스101,15,3,18,N,3,0.077
male,43,2160000,자영업,기혼,진보적,527000,고가,명품,프라다,20,6,13,Y,7,0.349
male,30,1870000,프리랜서,미혼,진보적,113000,중저가,화장품,설화수,17,5,23,N,1,0.21
female,33,4030000,대기업직원,미혼,보수적,33000,저가,식품,오뚜기,19,6,14,N,4,0.059
female,38,750000,주부,기혼,보수적,3651000,초고가,여행,아시아나,40,25,16,Y,26,0.513
female,75,1280000,은퇴자,기혼,보수적,18000,초저가,전자기기,삼성,21,5,23,Y,5,0.174
male,26,860000,학생,미혼,보수적,45000,저가,패션,나이키,16,5,23,N,3,0.159
male,29,950000,취업준비생,미혼,진보적,131000,중저가,건강관리,락토핏,12,2,19,N,2,0.209
male,36,2980000,사무직,기혼,보수적,356000,고가,명품,버버리,24,6,16,Y,7,0.204
female,49,6890000,전문직,기혼,진보적,163000,중저가,화장품,설화수,15,2,10,N,1,0.177
female,47,3920000,공무원,기혼,진보적,103000,중저가,식품,CJ,17,2,20,N,1,0.128
female,53,3600000,자영업,기혼,진보적,900000,고가,교육,시원스쿨,21,4,3,Y,4,0.373
male,40,2910000,프리랜서,기혼,진보적,277000,중저가,가구,리바트,11,4,15,Y,3,0.226
male,43,5130000,대기업직원,기혼,보수적,29000,저가,패션,ZARA,19,3,21,N,0,0.182
male,48,1340000,주부,기혼,진보적,265000,중저가,건강관리,센트룸,22,4,20,N,5,0.166
female,67,1780000,은퇴자,미혼,보수적,2030000,초고가,명품,구찌,50,13,1,Y,9,0.56
female,25,1230000,학생,미혼,진보적,4921000,초고가,전자기기,애플,41,20,16,Y,22,0.525
female,27,1320000,취업준비생,미혼,진보적,230000,중저가,생활용품,락앤락,10,2,0,N,2,0.302
male,46,4420000,사무직,기혼,보수적,183000,중저가,교육,메가스터디,31,6,0,N,0,0.174
male,59,9190000,전문직,미혼,보수적,101000,중저가,가구,리바트,25,4,18,N,6,0.068
male,57,4500000,공무원,미혼,보수적,171000,중저가,패션,무신사스탠다드,20,3,10,N,2,0.147
female,63,4900000,자영업,미혼,진보적,33000,저가,식품,동원,11,2,13,N,0,0.136
female,50,4120000,프리랜서,기혼,보수적,3281000,초고가,여행,하나투어,49,11,19,Y,10,0.553
female,53,7210000,대기업직원,기혼,보수적,1767000,초고가,전자기기,LG,42,10,15,Y,8,0.227
male,58,2240000,주부,기혼,보수적,10000,초저가,생활용품,깨끗한나라,11,4,10,N,3,0.085
male,59,2760000,은퇴자,기혼,진보적,44000,저가,교육,클래스101,16,2,16,N,2,0.133
male,24,1470000,학생,미혼,진보적,4104000,초고가,명품,샤넬,38,17,23,Y,17,0.657
female,25,1620000,취업준비생,미혼,진보적,119000,중저가,화장품,라네즈,15,4,15,N,3,0.142
female,24,5560000,사무직,미혼,보수적,470000,고가,식품,노브랜드,26,5,19,N,3,0.119
female,36,13500000,전문직,기혼,보수적,5707000,초고가,여행,하나투어,45,8,12,Y,7,0.366
male,31,5890000,공무원,기혼,보수적,243000,중저가,전자기기,삼성,29,4,23,N,4,0.158
male,37,7810000,자영업,기혼,진보적,78000,저가,패션,아디다스,22,1,18,N,1,0.22
male,28,6490000,프리랜서,미혼,진보적,4464000,초고가,건강관리,종근당,33,8,3,Y,8,0.58
female,31,10230000,대기업직원,미혼,보수적,987000,고가,명품,루이비통,26,7,18,Y,5,0.215
female,36,3060000,주부,기혼,진보적,1349000,고가,화장품,올리브영PB,28,6,10,Y,6,0.41
female,69,3950000,은퇴자,기혼,보수적,175000,중저가,식품,CJ,19,4,19,N,4,0.072
male,23,520000,학생,미혼,보수적,28000,저가,교육,윌라,24,3,16,N,3,0.096
male,23,620000,취업준비생,미혼,진보적,885000,고가,가구,일룸,33,10,13,Y,10,0.536
male,34,6530000,사무직,미혼,보수적,135000,중저가,패션,COS,17,4,22,N,4,0.189
female,46,16230000,전문직,기혼,진보적,160000,중저가,건강관리,종근당,19,2,11,N,1,0.14
female,41,7300000,공무원,미혼,보수적,445000,고가,명품,구찌,29,7,20,Y,4,0.209
female,47,11090000,자영업,기혼,진보적,8144000,초고가,전자기기,소니,32,8,20,Y,8,0.558
male,38,8730000,프리랜서,기혼,진보적,8000,초저가,생활용품,유한킴벌리,13,0,0,N,3,0.209
male,41,11870000,대기업직원,기혼,보수적,49000,저가,교육,패스트캠퍼스,13,4,20,N,1,0.157
male,46,4400000,주부,기혼,진보적,1354000,고가,가구,한샘,30,4,22,N,6,0.326
female,61,5170000,은퇴자,미혼,보수적,170000,중저가,패션,무신사스탠다드,29,4,13,N,1,0.158
female,22,760000,학생,미혼,보수적,176000,중저가,식품,풀무원,17,4,23,N,3,0.291
female,33,910000,취업준비생,기혼,진보적,22000,초저가,여행,마이리얼트립,21,3,11,N,2,0.131
male,44,2660000,사무직,미혼,보수적,218000,중저가,전자기기,레노버,29,6,23,N,4,0.175
male,56,4940000,전문직,기혼,보수적,4000,초저가,생활용품,유한킴벌리,14,4,11,N,0,0.114
male,51,3040000,공무원,기혼,진보적,685000,고가,교육,클래스101,20,3,9,Y,3,0.257
female,57,2210000,자영업,기혼,보수적,7881000,초고가,명품,프라다,44,21,16,Y,19,0.546
female,48,1720000,프리랜서,기혼,진보적,495000,고가,화장품,설화수,21,7,19,Y,5,0.34
female,51,3980000,대기업직원,미혼,진보적,621000,고가,식품,오뚜기,29,6,13,N,3,0.15
male,56,750000,주부,기혼,보수적,124000,중저가,여행,아시아나,34,7,23,Y,6,0.268
male,71,1240000,은퇴자,기혼,진보적,120000,중저가,전자기기,삼성,28,4,23,N,6,0.204
male,21,1160000,학생,미혼,보수적,159000,중저가,패션,나이키,18,3,18,N,2,0.195
female,31,1410000,취업준비생,미혼,진보적,760000,고가,건강관리,락토핏,20,7,22,Y,6,0.57
female,54,3130000,사무직,기혼,진보적,6081000,초고가,명품,버버리,46,13,13,Y,15,0.497
female,33,7490000,전문직,기혼,진보적,357000,고가,화장품,설화수,29,5,9,N,3,0.149
male,25,3890000,공무원,미혼,진보적,32000,저가,식품,CJ,17,1,13,N,0,0.22
male,31,3160000,자영업,기혼,보수적,40000,저가,교육,시원스쿨,19,5,10,N,2,0.077
male,26,3060000,프리랜서,미혼,진보적,738000,고가,가구,리바트,24,4,13,N,7,0.217
female,29,5840000,대기업직원,미혼,보수적,135000,중저가,패션,ZARA,21,3,20,N,4,0.137
female,34,1460000,주부,기혼,진보적,327000,고가,건강관리,센트룸,23,5,11,N,4,0.203
female,63,1860000,은퇴자,미혼,보수적,1000000,고가,명품,구찌,38,6,18,Y,7,0.501
male,20,1480000,학생,미혼,보수적,130000,중저가,전자기기,애플,21,3,23,N,6,0.173
male,29,1680000,취업준비생,미혼,진보적,9000,초저가,생활용품,락앤락,11,0,3,N,2,0.197
male,32,4050000,사무직,미혼,보수적,175000,중저가,교육,메가스터디,28,4,15,N,1,0.131
female,43,10180000,전문직,미혼,보수적,1102000,고가,가구,리바트,18,6,12,N,6,0.16
female,35,5000000,공무원,기혼,진보적,1224000,고가,패션,무신사스탠다드,25,5,20,N,5,0.241
female,41,4940000,자영업,기혼,진보적,1346000,고가,식품,동원,10,5,20,Y,4,0.303
male,36,4220000,프리랜서,기혼,진보적,187000,중저가,여행,하나투어,23,4,15,N,5,0.13
male,39,7130000,대기업직원,미혼,진보적,139000,중저가,전자기기,LG,14,1,1,N,3,0.246
male,44,2030000,주부,기혼,보수적,70000,저가,생활용품,깨끗한나라,14,5,16,N,0,0.117
female,73,2550000,은퇴자,기혼,보수적,264000,중저가,교육,클래스101,18,4,16,N,3,0.16
female,19,550000,학생,미혼,진보적,960000,고가,명품,샤넬,33,10,18,Y,12,0.593
female,27,650000,취업준비생,미혼,보수적,592000,고가,화장품,라네즈,26,8,16,Y,5,0.588
male,42,5420000,사무직,기혼,진보적,22000,초저가,식품,노브랜드,11,0,14,N,2,0.138
male,53,13950000,전문직,기혼,보수적,119000,중저가,여행,하나투어,21,6,19,N,6,0.066
male,45,6330000,공무원,기혼,보수적,1114000,고가,전자기기,삼성,23,8,16,Y,6,0.199
female,51,8220000,자영업,기혼,진보적,100000,중저가,패션,아디다스,24,1,15,N,3,0.164
female,46,6530000,프리랜서,기혼,보수적,1724000,초고가,건강관리,종근당,33,10,16,Y,6,0.285
female,49,8920000,대기업직원,기혼,진보적,3275000,초고가,명품,루이비통,38,8,14,Y,6,0.397
male,54,3380000,주부,기혼,보수적,83000,저가,화장품,올리브영PB,24,4,19,N,0,0.153
male,65,4130000,은퇴자,미혼,진보적,15000,초저가,식품,CJ,15,1,14,N,1,0.181
male,29,810000,학생,미혼,진보적,140000,중저가,교육,윌라,10,4,9,N,5,0.176
female,25,850000,취업준비생,미혼,보수적,945000,고가,가구,일룸,30,11,21,Y,11,0.512
female,52,6680000,사무직,기혼,진보적,7915000,초고가,패션,COS,41,12,9,Y,7,0.528
female,30,16390000,전문직,미혼,진보적,406000,고가,건강관리,종근당,20,6,19,Y,4,0.158
male,55,7870000,공무원,기혼,보수적,7767000,초고가,명품,구찌,36,13,20,Y,10,0.464
male,61,12510000,자영업,기혼,보수적,159000,중저가,전자기기,소니,19,4,3,N,4,0.155
male,24,9880000,프리랜서,미혼,진보적,62000,저가,생활용품,유한킴벌리,4,1,2,N,2,0.254
female,27,12280000,대기업직원,미혼,진보적,97000,중저가,교육,패스트캠퍼스,12,1,15,N,4,0.152
female,32,4580000,주부,기혼,진보적,2262000,초고가,가구,한샘,33,5,11,Y,6,0.463
female,75,5270000,은퇴자,기혼,진보적,554000,고가,패션,무신사스탠다드,30,5,12,N,5,0.169
male,28,1210000,학생,미혼,보수적,10000,초저가,식품,풀무원,20,5,15,N,3,0.036
male,23,1280000,취업준비생,미혼,진보적,220000,중저가,여행,마이리얼트립,25,2,10,N,3,0.225
male,30,2620000,사무직,미혼,진보적,623000,고가,전자기기,레노버,15,3,10,Y,6,0.32
female,40,4600000,전문직,미혼,진보적,103000,중저가,생활용품,유한킴벌리,17,3,10,N,4,0.091
female,29,2660000,공무원,기혼,보수적,984000,고가,교육,클래스101,25,7,16,Y,6,0.277
female,35,2350000,자영업,미혼,보수적,819000,고가,명품,프라다,42,9,23,N,5,0.37
male,34,1760000,프리랜서,미혼,진보적,72000,저가,화장품,설화수,21,4,22,N,1,0.217
male,37,4220000,대기업직원,미혼,보수적,56000,저가,식품,오뚜기,20,4,0,N,3,0.145
male,42,820000,주부,기혼,진보적,460000,고가,여행,아시아나,36,5,18,Y,6,0.506
female,67,1230000,은퇴자,기혼,보수적,696000,고가,전자기기,삼성,36,8,9,Y,8,0.428
female,27,1540000,학생,미혼,진보적,4180000,초고가,패션,나이키,30,15,16,Y,13,0.54
female,33,1640000,취업준비생,기혼,진보적,7636000,초고가,건강관리,락토핏,23,23,19,Y,23,0.519
male,40,3240000,사무직,미혼,진보적,4704000,초고가,명품,버버리,30,9,11,Y,10,0.54
male,50,6920000,전문직,미혼,진보적,59000,저가,화장품,설화수,26,1,1,N,2,0.213
male,39,3570000,공무원,기혼,보수적,58000,저가,식품,CJ,20,3,19,N,3,0.063
female,45,3570000,자영업,기혼,보수적,144000,중저가,교육,시원스쿨,28,5,19,N,3,0.1
female,44,3070000,프리랜서,미혼,보수적,2806000,초고가,가구,리바트,30,10,1,Y,8,0.619
female,47,5850000,대기업직원,기혼,보수적,1132000,고가,패션,ZARA,27,8,19,N,3,0.226
male,52,1430000,주부,미혼,보수적,5388000,초고가,건강관리,센트룸,35,23,11,Y,17,0.462
male,59,1950000,은퇴자,미혼,보수적,2722000,초고가,명품,구찌,42,12,21,Y,12,0.506
male,26,470000,학생,미혼,진보적,405000,고가,전자기기,애플,27,6,2,Y,7,0.632
female,31,570000,취업준비생,미혼,진보적,250000,중저가,생활용품,락앤락,25,4,9,Y,3,0.448
female,50,3840000,사무직,기혼,진보적,483000,고가,교육,메가스터디,25,6,11,Y,1,0.269
female,60,9670000,전문직,미혼,보수적,2155000,초고가,가구,리바트,37,6,9,Y,8,0.248
male,49,4960000,공무원,기혼,진보적,62000,저가,패션,무신사스탠다드,16,0,12,Y,2,0.215
male,55,4760000,자영업,미혼,진보적,11000,초저가,식품,동원,15,0,2,N,1,0.275
male,54,4550000,프리랜서,기혼,진보적,1240000,고가,여행,하나투어,29,4,20,N,8,0.305
female,57,6990000,대기업직원,기혼,보수적,576000,고가,전자기기,LG,29,7,11,Y,6,0.174
female,30,2400000,주부,기혼,진보적,127000,중저가,생활용품,깨끗한나라,10,1,23,N,3,0.255
female,69,2630000,은퇴자,기혼,보수적,436000,고가,교육,클래스101,31,8,15,N,3,0.159
male,25,760000,학생,미혼,보수적,5484000,초고가,명품,샤넬,32,38,14,Y,36,0.537
male,29,920000,취업준비생,미혼,진보적,66000,저가,화장품,라네즈,16,1,12,Y,2,0.216
male,28,5580000,사무직,미혼,보수적,80000,저가,식품,노브랜드,13,3,18,N,2,0.07
female,37,14030000,전문직,미혼,진보적,471000,고가,여행,하나투어,29,5,11,Y,3,0.168
female,59,5400000,공무원,기혼,보수적,5060000,초고가,전자기기,삼성,33,13,9,Y,9,0.459
female,65,8240000,자영업,기혼,보수적,579000,고가,패션,아디다스,28,6,16,N,3,0.132
male,32,6940000,프리랜서,미혼,진보적,28000,저가,건강관리,종근당,6,2,0,N,0,0.231
male,35,8820000,대기업직원,기혼,보수적,360000,고가,명품,루이비통,28,5,12,N,7,0.136
male,40,3130000,주부,기혼,진보적,163000,중저가,화장품,올리브영PB,18,3,20,N,2,0.149
female,61,3800000,은퇴자,기혼,진보적,81000,저가,식품,CJ,13,2,15,Y,2,0.161
female,24,1250000,학생,미혼,진보적,1050000,고가,교육,윌라,30,9,13,Y,8,0.566
female,27,1390000,취업준비생,미혼,보수적,2768000,초고가,가구,일룸,34,16,1,Y,13,0.588
male,38,6660000,사무직,기혼,보수적,270000,중저가,패션,COS,26,3,18,Y,4,0.146
male,47,18160000,전문직,기혼,진보적,7021000,초고가,건강관리,종근당,28,6,15,Y,5,0.345
male,33,7790000,공무원,기혼,진보적,347000,고가,명품,구찌,26,4,23,Y,5,0.247
female,39,12630000,자영업,기혼,진보적,374000,고가,전자기기,소니,16,2,13,N,6,0.127
female,42,9510000,프리랜서,기혼,보수적,180000,중저가,생활용품,유한킴벌리,16,3,18,Y,1,0.175
female,45,11840000,대기업직원,미혼,진보적,641000,고가,교육,패스트캠퍼스,22,6,11,N,2,0.114
male,50,4540000,주부,기혼,보수적,117000,중저가,가구,한샘,27,4,11,N,4,0.107
male,71,4950000,은퇴자,기혼,보수적,59000,저가,패션,무신사스탠다드,28,4,17,N,2,0.089
male,23,1750000,학생,미혼,진보적,72000,저가,식품,풀무원,6,3,15,N,2,0.1
female,25,1860000,취업준비생,미혼,진보적,3684000,초고가,여행,마이리얼트립,40,14,17,Y,14,0.572
female,48,2400000,사무직,기혼,보수적,3194000,초고가,전자기기,레노버,37,12,20,Y,10,0.471
female,57,4610000,전문직,기혼,보수적,256000,중저가,생활용품,유한킴벌리,17,5,2,N,3,0.13
male,43,3060000,공무원,기혼,진보적,32000,저가,교육,클래스101,12,2,20,N,3,0.117
male,49,2030000,자영업,미혼,보수적,4700000,초고가,명품,프라다,48,15,17,Y,15,0.53
male,52,1860000,프리랜서,기혼,진보적,102000,중저가,화장품,설화수,23,3,17,N,4,0.123
female,55,3900000,대기업직원,기혼,보수적,230000,중저가,식품,오뚜기,18,7,17,N,3,0.07
female,60,830000,주부,기혼,보수적,2039000,초고가,여행,아시아나,49,16,17,Y,14,0.504
female,63,1300000,은퇴자,미혼,보수적,3717000,초고가,전자기기,삼성,45,18,11,Y,18,0.504
male,22,480000,학생,미혼,진보적,83000,저가,패션,나이키,17,3,19,N,2,0.221
male,23,620000,취업준비생,미혼,보수적,36000,저가,건강관리,락토핏,18,6,15,N,1,0.125
male,26,3200000,사무직,미혼,보수적,2860000,초고가,명품,버버리,32,13,15,Y,11,0.484
female,34,7690000,전문직,기혼,진보적,250000,중저가,화장품,설화수,21,1,10,N,4,0.149
female,53,3430000,공무원,기혼,보수적,280000,중저가,식품,CJ,16,3,13,N,3,0.099
female,59,3280000,자영업,미혼,보수적,1077000,고가,교육,시원스쿨,38,6,16,Y,2,0.36
male,30,2960000,프리랜서,미혼,진보적,122000,중저가,가구,리바트,20,2,16,N,6,0.12
male,33,5830000,대기업직원,기혼,진보적,43000,저가,패션,ZARA,14,3,11,N,2,0.129
male,38,1470000,주부,기혼,진보적,35000,저가,건강관리,센트룸,15,4,10,Y,1,0.197
female,73,1680000,은퇴자,미혼,보수적,583000,고가,명품,구찌,32,6,16,Y,8,0.346
female,21,760000,학생,미혼,보수적,19000,초저가,전자기기,애플,12,4,19,N,4,0.109
female,33,880000,취업준비생,미혼,진보적,1352000,고가,생활용품,락앤락,27,10,15,Y,8,0.501
male,36,3900000,사무직,미혼,진보적,44000,저가,교육,메가스터디,11,3,19,N,3,0.086
male,44,9410000,전문직,미혼,진보적,224000,중저가,가구,리바트,18,3,22,N,3,0.179
male,27,4830000,공무원,미혼,진보적,122000,중저가,패션,무신사스탠다드,24,2,17,N,1,0.178
female,33,5120000,자영업,기혼,보수적,74000,저가,식품,동원,12,3,11,N,3,0.086
female,40,4660000,프리랜서,기혼,진보적,2764000,초고가,여행,하나투어,27,9,17,Y,9,0.551
female,43,7360000,대기업직원,기혼,진보적,4000,초저가,전자기기,LG,23,2,18,N,2,0.104
male,48,2400000,주부,기혼,보수적,21000,초저가,생활용품,깨끗한나라,24,2,17,N,2,0.057
male,65,2450000,은퇴자,기혼,보수적,67000,저가,교육,클래스101,27,6,12,N,4,0.063
male,20,1210000,학생,미혼,보수적,802000,고가,명품,샤넬,32,9,11,Y,8,0.592
female,31,1250000,취업준비생,기혼,진보적,190000,중저가,화장품,라네즈,25,3,11,Y,4,0.246
female,46,5050000,사무직,미혼,진보적,208000,중저가,식품,노브랜드,14,2,19,N,2,0.113
female,54,12920000,전문직,미혼,보수적,2235000,초고가,여행,하나투어,42,10,9,N,6,0.188
male,37,5490000,공무원,기혼,보수적,231000,중저가,전자기기,삼성,29,3,3,Y,4,0.228
male,43,8150000,자영업,미혼,진보적,58000,저가,패션,아디다스,17,2,16,N,3,0.102
male,50,6020000,프리랜서,미혼,진보적,137000,중저가,건강관리,종근당,26,1,10,N,1,0.213
female,53,9320000,대기업직원,기혼,보수적,4023000,초고가,명품,루이비통,39,9,22,Y,6,0.467
female,58,3410000,주부,기혼,보수적,1176000,고가,화장품,올리브영PB,34,7,12,N,4,0.279
female,75,3930000,은퇴자,미혼,보수적,116000,중저가,식품,CJ,26,5,11,N,2,0.082
male,19,1610000,학생,미혼,보수적,33000,저가,교육,윌라,14,4,12,N,2,0.1
male,29,1810000,취업준비생,미혼,진보적,108000,중저가,가구,일룸,13,2,15,Y,4,0.173
male,24,6710000,사무직,미혼,보수적,120000,중저가,패션,COS,31,6,17,Y,1,0.163
female,31,16260000,전문직,기혼,보수적,63000,저가,건강관리,종근당,25,2,16,N,1,0.144
female,47,7720000,공무원,미혼,진보적,3528000,초고가,명품,구찌,39,7,22,Y,7,0.472
female,53,11260000,자영업,미혼,진보적,2298000,초고가,전자기기,소니,29,5,13,N,5,0.244
male,28,8620000,프리랜서,기혼,보수적,22000,초저가,생활용품,유한킴벌리,22,3,11,N,2,0.051
male,31,12490000,대기업직원,기혼,진보적,38000,저가,교육,패스트캠퍼스,21,3,20,N,1,0.129
male,36,4490000,주부,기혼,진보적,633000,고가,가구,한샘,13,4,16,Y,6,0.228
female,67,5400000,은퇴자,기혼,진보적,147000,중저가,패션,무신사스탠다드,27,1,16,N,4,0.15
female,29,460000,학생,미혼,진보적,189000,중저가,식품,풀무원,18,3,23,N,4,0.43
female,27,570000,취업준비생,미혼,진보적,2476000,초고가,여행,마이리얼트립,27,21,22,Y,23,0.646
male,34,2440000,사무직,미혼,보수적,177000,중저가,전자기기,레노버,16,5,23,N,4,0.205
male,41,5050000,전문직,기혼,진보적,20000,초저가,생활용품,유한킴벌리,16,3,15,N,0,0.148
male,57,2960000,공무원,기혼,보수적,184000,중저가,교육,클래스101,17,5,9,N,4,0.105
female,63,2100000,자영업,기혼,보수적,1196000,고가,명품,프라다,33,9,23,Y,9,0.578
female,38,1890000,프리랜서,기혼,진보적,900000,고가,화장품,설화수,23,4,13,Y,6,0.481
female,41,4600000,대기업직원,기혼,진보적,122000,중저가,식품,오뚜기,15,2,17,N,3,0.104
male,46,860000,주부,기혼,진보적,117000,중저가,여행,아시아나,29,4,9,N,5,0.145
male,59,1170000,은퇴자,미혼,보수적,203000,중저가,전자기기,삼성,26,6,14,N,5,0.165
male,28,880000,학생,기혼,진보적,240000,중저가,패션,나이키,27,2,22,N,3,0.388
female,25,940000,취업준비생,미혼,진보적,226000,중저가,건강관리,락토핏,15,2,11,N,3,0.294
female,44,3440000,사무직,미혼,보수적,721000,고가,명품,버버리,31,8,11,Y,7,0.243
female,51,6920000,전문직,미혼,보수적,593000,고가,화장품,설화수,34,7,17,N,2,0.131
male,31,3410000,공무원,미혼,보수적,16000,초저가,식품,CJ,12,2,10,N,1,0.118
male,37,3500000,자영업,미혼,진보적,40000,저가,교육,시원스쿨,6,0,1,N,1,0.3
male,48,2710000,프리랜서,기혼,보수적,849000,고가,가구,리바트,40,8,23,Y,7,0.362
female,51,5110000,대기업직원,미혼,보수적,169000,중저가,패션,ZARA,29,4,9,Y,1,0.183
female,56,1300000,주부,기혼,보수적,185000,중저가,건강관리,센트룸,23,4,12,N,1,0.227
female,69,1850000,은퇴자,기혼,보수적,4075000,초고가,명품,구찌,44,17,1,Y,13,0.584
male,27,1290000,학생,미혼,진보적,246000,중저가,전자기기,애플,11,2,13,N,7,0.214
male,23,1410000,취업준비생,미혼,진보적,5000,초저가,생활용품,락앤락,17,2,19,N,0,0.157
male,54,4270000,사무직,기혼,보수적,247000,중저가,교육,메가스터디,22,4,18,N,4,0.111
female,28,10410000,전문직,미혼,진보적,615000,고가,가구,리바트,19,3,9,N,5,0.13
female,41,4660000,공무원,기혼,보수적,686000,고가,패션,무신사스탠다드,30,5,3,N,4,0.219
female,47,5320000,자영업,기혼,보수적,99000,중저가,식품,동원,18,4,14,N,2,0.106
male,26,4020000,프리랜서,미혼,진보적,118000,중저가,여행,하나투어,18,3,11,N,5,0.122
male,29,7550000,대기업직원,미혼,진보적,125000,중저가,전자기기,LG,26,3,20,N,3,0.116
male,34,2370000,주부,미혼,진보적,50000,저가,생활용품,깨끗한나라,11,0,23,N,1,0.266
female,61,2830000,은퇴자,미혼,보수적,753000,고가,교육,클래스101,29,6,14,N,2,0.244
female,26,1500000,학생,미혼,진보적,20000,초저가,명품,샤넬,24,0,10,N,2,0.218
female,33,1820000,취업준비생,기혼,진보적,916000,고가,화장품,라네즈,26,5,2,N,5,0.507
male,32,5020000,사무직,미혼,보수적,5000,초저가,식품,노브랜드,17,2,19,N,0,0.138
male,38,12460000,전문직,기혼,보수적,136000,중저가,여행,하나투어,20,4,15,N,3,0.119
male,51,5930000,공무원,미혼,진보적,1157000,고가,전자기기,삼성,29,5,15,N,5,0.206
female,57,8360000,자영업,기혼,보수적,242000,중저가,패션,아디다스,32,4,22,N,3,0.18
female,36,6110000,프리랜서,기혼,보수적,789000,고가,건강관리,종근당,16,4,22,Y,4,0.277
female,39,10250000,대기업직원,기혼,진보적,601000,고가,명품,루이비통,30,3,17,N,5,0.152
male,44,3430000,주부,미혼,보수적,79000,저가,화장품,올리브영PB,20,2,18,N,0,0.164
male,71,4180000,은퇴자,기혼,보수적,4000,초저가,식품,CJ,21,4,22,N,0,0.147
male,25,500000,학생,미혼,진보적,146000,중저가,교육,윌라,13,3,13,N,5,0.268
female,31,560000,취업준비생,기혼,진보적,617000,고가,가구,일룸,31,10,22,Y,11,0.566
female,42,6780000,사무직,기혼,보수적,504000,고가,패션,COS,28,8,21,Y,3,0.16
female,48,17870000,전문직,기혼,보수적,166000,중저가,건강관리,종근당,30,5,15,N,2,0.083
male,25,7640000,공무원,미혼,진보적,1217000,고가,명품,구찌,22,4,20,N,4,0.228
male,31,11240000,자영업,미혼,보수적,125000,중저가,전자기기,소니,22,4,17,N,3,0.126
male,46,9460000,프리랜서,기혼,보수적,39000,저가,생활용품,유한킴벌리,11,2,20,N,4,0.104
female,49,11970000,대기업직원,기혼,진보적,179000,중저가,교육,패스트캠퍼스,27,3,19,N,4,0.114
female,54,4380000,주부,기혼,보수적,7431000,초고가,가구,한샘,46,15,17,Y,11,0.473
female,63,5370000,은퇴자,기혼,보수적,1046000,고가,패션,무신사스탠다드,38,5,16,Y,2,0.267
male,24,830000,학생,미혼,진보적,20000,초저가,식품,풀무원,10,1,9,N,4,0.145
male,29,950000,취업준비생,미혼,진보적,146000,중저가,여행,마이리얼트립,22,3,16,N,6,0.184
male,52,2470000,사무직,기혼,보수적,6938000,초고가,전자기기,레노버,40,20,11,Y,15,0.487
female,58,5190000,전문직,기혼,보수적,30000,저가,생활용품,유한킴벌리,18,6,17,N,1,0.096
female,35,2980000,공무원,기혼,보수적,425000,고가,교육,클래스101,26,8,0,N,2,0.199
female,41,2100000,자영업,기혼,보수적,10000,초저가,명품,프라다,23,4,15,N,2,0.111
male,24,1970000,프리랜서,미혼,진보적,66000,저가,화장품,설화수,23,2,18,N,2,0.119
male,27,4590000,대기업직원,미혼,진보적,13000,초저가,식품,오뚜기,6,3,20,N,3,0.086
male,32,820000,주부,미혼,진보적,786000,고가,여행,아시아나,34,9,19,Y,8,0.524
female,73,1270000,은퇴자,기혼,보수적,1198000,고가,전자기기,삼성,36,8,21,Y,9,0.509
female,23,1230000,학생,미혼,보수적,857000,고가,패션,나이키,34,8,3,Y,5,0.664
female,27,1420000,취업준비생,미혼,진보적,547000,고가,건강관리,락토핏,23,5,12,N,6,0.343
male,30,3180000,사무직,미혼,보수적,1814000,초고가,명품,버버리,32,9,13,Y,10,0.454
male,35,7220000,전문직,기혼,진보적,57000,저가,화장품,설화수,22,2,12,N,2,0.126
male,45,3780000,공무원,미혼,보수적,34000,저가,식품,CJ,19,2,13,N,1,0.121
female,51,3330000,자영업,미혼,보수적,591000,고가,교육,시원스쿨,24,5,14,N,2,0.219
female,34,3030000,프리랜서,기혼,보수적,4028000,초고가,가구,리바트,28,12,23,Y,10,0.573
female,37,5910000,대기업직원,기혼,보수적,2400000,초고가,패션,ZARA,38,7,10,Y,6,0.369
male,42,1410000,주부,미혼,보수적,523000,고가,건강관리,센트룸,24,5,11,N,3,0.341
male,65,1700000,은퇴자,미혼,보수적,417000,고가,명품,구찌,36,8,14,N,6,0.246
male,22,1660000,학생,미혼,진보적,915000,고가,전자기기,애플,33,7,11,Y,8,0.498
female,25,1820000,취업준비생,미혼,보수적,53000,저가,생활용품,락앤락,21,4,16,N,4,0.038
female,40,3990000,사무직,기혼,보수적,2854000,초고가,교육,메가스터디,36,10,23,Y,7,0.544
female,45,9000000,전문직,기혼,보수적,4231000,초고가,가구,리바트,43,7,13,Y,6,0.397
male,55,4890000,공무원,미혼,보수적,53000,저가,패션,무신사스탠다드,20,5,12,N,1,0.158
male,61,4750000,자영업,기혼,진보적,17000,초저가,식품,동원,5,2,12,N,4,0.093
male,44,4140000,프리랜서,기혼,보수적,693000,고가,여행,하나투어,31,8,9,N,6,0.156
female,47,7360000,대기업직원,기혼,보수적,6482000,초고가,전자기기,LG,35,11,12,Y,8,0.461
female,52,2350000,주부,기혼,보수적,157000,중저가,생활용품,깨끗한나라,17,6,15,N,1,0.143
female,75,2720000,은퇴자,기혼,보수적,1047000,고가,교육,클래스101,30,9,23,Y,4,0.367
male,21,520000,학생,미혼,진보적,387000,고가,명품,샤넬,32,8,19,Y,6,0.606
male,23,580000,취업준비생,미혼,보수적,67000,저가,화장품,라네즈,15,6,16,N,3,0.134
male,50,5190000,사무직,기혼,진보적,37000,저가,식품,노브랜드,13,3,17,N,2,0.111
female,55,13240000,전문직,기혼,보수적,548000,고가,여행,하나투어,25,5,10,N,5,0.124
female,29,6070000,공무원,미혼,진보적,1787000,초고가,전자기기,삼성,35,7,13,Y,7,0.269
female,35,7830000,자영업,기혼,보수적,1292000,고가,패션,아디다스,26,8,22,N,5,0.249
male,54,7040000,프리랜서,기혼,진보적,2957000,초고가,건강관리,종근당,30,8,14,Y,5,0.382
male,57,9650000,대기업직원,미혼,보수적,18000,초저가,명품,루이비통,27,2,14,Y,2,0.176
male,30,3220000,주부,미혼,보수적,125000,중저가,화장품,올리브영PB,18,7,10,N,2,0.093
female,67,3840000,은퇴자,기혼,진보적,29000,저가,식품,CJ,14,2,15,N,2,0.108
female,20,860000,학생,미혼,보수적,1205000,고가,교육,윌라,35,11,14,Y,7,0.523
female,33,900000,취업준비생,기혼,진보적,5703000,초고가,가구,일룸,34,31,13,Y,30,0.536
male,28,7140000,사무직,미혼,진보적,55000,저가,패션,COS,22,0,10,N,3,0.183
male,32,17920000,전문직,미혼,진보적,523000,고가,건강관리,종근당,17,4,13,Y,4,0.147
male,39,7490000,공무원,미혼,진보적,2506000,초고가,명품,구찌,32,5,11,N,6,0.333
female,45,12620000,자영업,기혼,보수적,598000,고가,전자기기,소니,26,5,19,N,5,0.105
female,32,9400000,프리랜서,미혼,보수적,103000,중저가,생활용품,유한킴벌리,22,6,18,N,1,0.113
female,35,12610000,대기업직원,기혼,진보적,452000,고가,교육,패스트캠퍼스,17,3,17,Y,4,0.182
male,40,4630000,주부,기혼,보수적,180000,중저가,가구,한샘,23,4,17,N,5,0.098
male,59,5300000,은퇴자,미혼,보수적,201000,중저가,패션,무신사스탠다드,29,6,22,N,4,0.15
male,19,1150000,학생,미혼,진보적,77000,저가,식품,풀무원,4,4,9,N,3,0.109
female,31,1390000,취업준비생,미혼,진보적,2818000,초고가,여행,마이리얼트립,42,14,9,Y,14,0.542
female,38,2510000,사무직,기혼,보수적,1793000,초고가,전자기기,레노버,36,10,9,Y,9,0.489
female,42,4910000,전문직,미혼,보수적,259000,중저가,생활용품,유한킴벌리,11,7,12,N,4,0.093
male,49,3080000,공무원,기혼,진보적,28000,저가,교육,클래스101,23,3,17,N,1,0.16
male,55,2030000,자영업,기혼,보수적,346000,고가,명품,프라다,40,6,14,N,5,0.202
male,42,1940000,프리랜서,기혼,진보적,109000,중저가,화장품,설화수,14,4,16,N,4,0.144
female,45,3970000,대기업직원,기혼,진보적,43000,저가,식품,오뚜기,20,3,16,N,3,0.092
female,50,870000,주부,기혼,보수적,6784000,초고가,여행,아시아나,46,37,22,Y,39,0.571
female,69,1270000,은퇴자,기혼,보수적,4000,초저가,전자기기,삼성,24,5,16,N,4,0.098
male,29,1580000,학생,미혼,진보적,38000,저가,패션,나이키,24,3,16,N,2,0.106
male,29,1820000,취업준비생,미혼,보수적,7188000,초고가,건강관리,락토핏,39,21,17,Y,20,0.503
male,48,3020000,사무직,미혼,보수적,442000,고가,명품,버버리,25,8,9,N,6,0.19
female,52,7460000,전문직,기혼,진보적,274000,중저가,화장품,설화수,26,4,15,N,2,0.121
female,59,3500000,공무원,기혼,보수적,109000,중저가,식품,CJ,20,5,2,N,4,0.123
female,65,3110000,자영업,기혼,보수적,8089000,초고가,교육,시원스쿨,43,19,13,Y,15,0.484
male,52,2940000,프리랜서,기혼,진보적,206000,중저가,가구,리바트,19,2,2,N,4,0.212
male,55,5940000,대기업직원,기혼,보수적,32000,저가,패션,ZARA,31,2,11,N,2,0.113
male,60,1530000,주부,기혼,진보적,6000,초저가,건강관리,센트룸,20,3,12,N,1,0.13
female,61,1870000,은퇴자,기혼,보수적,1882000,초고가,명품,구찌,43,11,3,Y,9,0.579
female,28,520000,학생,미혼,보수적,5000,초저가,전자기기,애플,25,3,15,N,4,0.08
female,27,610000,취업준비생,미혼,진보적,190000,중저가,생활용품,락앤락,20,3,19,Y,3,0.343
male,26,3970000,사무직,미혼,진보적,120000,중저가,교육,메가스터디,15,3,23,N,3,0.188
male,29,9390000,전문직,미혼,진보적,144000,중저가,가구,리바트,17,1,17,N,3,0.204
male,33,4330000,공무원,기혼,보수적,204000,중저가,패션,무신사스탠다드,27,5,18,N,2,0.141
female,39,5360000,자영업,기혼,보수적,52000,저가,식품,동원,21,3,20,N,1,0.142
female,30,4710000,프리랜서,미혼,진보적,4212000,초고가,여행,하나투어,41,9,13,Y,7,0.581
female,33,7500000,대기업직원,기혼,진보적,2647000,초고가,전자기기,LG,34,5,14,Y,9,0.339
male,38,2240000,주부,기혼,보수적,56000,저가,생활용품,깨끗한나라,20,5,20,N,0,0.136
male,71,2480000,은퇴자,기혼,보수적,62000,저가,교육,클래스101,14,3,10,Y,1,0.167
male,27,840000,학생,미혼,진보적,3110000,초고가,명품,샤넬,40,20,19,Y,19,0.561
female,25,900000,취업준비생,미혼,보수적,247000,중저가,화장품,라네즈,26,6,16,Y,5,0.29
female,36,5470000,사무직,미혼,보수적,224000,중저가,식품,노브랜드,14,3,16,N,2,0.116
female,39,13040000,전문직,미혼,진보적,4599000,초고가,여행,하나투어,31,7,13,Y,6,0.363
male,43,5720000,공무원,미혼,보수적,152000,중저가,전자기기,삼성,18,6,19,N,4,0.107
male,49,7750000,자영업,기혼,진보적,83000,저가,패션,아디다스,19,4,13,N,2,0.112
male,40,6300000,프리랜서,미혼,보수적,30000,저가,건강관리,종근당,24,5,16,N,4,0.07
female,43,9430000,대기업직원,미혼,진보적,442000,고가,명품,루이비통,19,2,20,Y,4,0.258
female,48,3050000,주부,미혼,진보적,590000,고가,화장품,올리브영PB,25,6,21,Y,5,0.236
female,63,4090000,은퇴자,기혼,진보적,201000,중저가,식품,CJ,13,3,10,N,4,0.123
male,26,1310000,학생,미혼,진보적,62000,저가,교육,윌라,8,2,10,N,3,0.152
male,23,1250000,취업준비생,미혼,진보적,145000,중저가,가구,일룸,17,2,11,N,3,0.181
male,46,7140000,사무직,기혼,진보적,187000,중저가,패션,COS,20,3,1,N,4,0.189
female,49,18690000,전문직,미혼,보수적,17000,초저가,건강관리,종근당,21,1,20,Y,1,0.239
female,53,6840000,공무원,기혼,진보적,797000,고가,명품,구찌,32,3,10,N,4,0.19
female,59,11440000,자영업,기혼,보수적,2371000,초고가,전자기기,소니,36,10,2,N,8,0.264
male,50,8380000,프리랜서,미혼,진보적,4000,초저가,생활용품,유한킴벌리,20,0,21,N,0,0.195
male,53,13650000,대기업직원,미혼,보수적,57000,저가,교육,패스트캠퍼스,29,4,20,N,0,0.117
male,58,4420000,주부,기혼,보수적,591000,고가,가구,한샘,32,6,19,N,4,0.165
female,73,5320000,은퇴자,기혼,진보적,136000,중저가,패션,무신사스탠다드,21,2,23,N,4,0.159
female,25,1630000,학생,미혼,진보적,135000,중저가,식품,풀무원,11,2,12,N,2,0.137
female,33,1810000,취업준비생,기혼,진보적,5806000,초고가,여행,마이리얼트립,31,19,1,Y,20,0.658
male,24,2640000,사무직,미혼,진보적,182000,중저가,전자기기,레노버,14,2,23,N,4,0.195
male,59,5260000,전문직,미혼,보수적,4000,초저가,생활용품,유한킴벌리,9,3,16,N,1,0.15
male,27,2820000,공무원,미혼,보수적,162000,중저가,교육,클래스101,27,6,21,N,2,0.077
female,33,2360000,자영업,기혼,보수적,3558000,초고가,명품,프라다,39,15,19,Y,11,0.561
female,28,1930000,프리랜서,기혼,진보적,4845000,초고가,화장품,설화수,36,17,10,Y,13,0.514
female,31,4200000,대기업직원,기혼,진보적,225000,중저가,식품,오뚜기,10,1,14,N,1,0.206
male,36,840000,주부,기혼,보수적,109000,중저가,여행,아시아나,20,5,9,N,6,0.147
male,65,1190000,은퇴자,기혼,보수적,145000,중저가,전자기기,삼성,18,6,18,Y,4,0.194
male,24,550000,학생,미혼,진보적,165000,중저가,패션,나이키,29,5,10,N,1,0.331
female,31,600000,취업준비생,미혼,진보적,43000,저가,건강관리,락토핏,5,1,13,N,2,0.192
female,34,3380000,사무직,기혼,진보적,2052000,초고가,명품,버버리,40,8,14,Y,8,0.508
female,36,7400000,전문직,기혼,보수적,326000,고가,화장품,설화수,28,5,11,Y,2,0.187
male,37,3370000,공무원,기혼,진보적,6000,초저가,식품,CJ,15,1,20,N,1,0.179
male,43,3120000,자영업,기혼,보수적,65000,저가,교육,시원스쿨,14,4,18,N,1,0.118
male,38,2810000,프리랜서,기혼,보수적,356000,고가,가구,리바트,29,7,15,N,6,0.122
female,41,5420000,대기업직원,기혼,보수적,202000,중저가,패션,ZARA,33,5,19,N,3,0.112
female,46,1420000,주부,기혼,진보적,29000,저가,건강관리,센트룸,12,0,11,N,2,0.185
female,75,1920000,은퇴자,기혼,보수적,743000,고가,명품,구찌,38,9,14,Y,6,0.399
male,23,790000,학생,미혼,보수적,528000,고가,전자기기,애플,36,9,19,Y,9,0.559
male,29,890000,취업준비생,미혼,보수적,8000,초저가,생활용품,락앤락,10,3,17,N,1,0.137
male,44,3810000,사무직,기혼,진보적,158000,중저가,교육,메가스터디,11,3,18,Y,3,0.183
female,46,8880000,전문직,기혼,보수적,1185000,고가,가구,리바트,22,8,18,Y,7,0.179
female,47,4920000,공무원,기혼,보수적,665000,고가,패션,무신사스탠다드,26,5,11,N,4,0.161
female,53,5390000,자영업,미혼,보수적,110000,중저가,식품,동원,21,6,20,N,3,0.057
male,48,4560000,프리랜서,기혼,진보적,185000,중저가,여행,하나투어,28,2,2,Y,4,0.22
male,51,7490000,대기업직원,미혼,진보적,179000,중저가,전자기기,LG,30,2,10,Y,2,0.196
male,56,2090000,주부,기혼,진보적,76000,저가,생활용품,깨끗한나라,14,1,19,N,2,0.163
female,67,2650000,은퇴자,미혼,보수적,99000,중저가,교육,클래스101,17,4,20,N,1,0.135
female,22,1320000,학생,미혼,보수적,427000,고가,명품,샤넬,34,5,17,Y,7,0.372
female,27,1230000,취업준비생,미혼,진보적,330000,고가,화장품,라네즈,25,3,1,N,4,0.351
male,54,4940000,사무직,기혼,보수적,22000,초저가,식품,노브랜드,18,4,16,N,0,0.135
male,56,12620000,전문직,기혼,보수적,159000,중저가,여행,하나투어,34,5,11,N,5,0.067
male,57,6310000,공무원,미혼,보수적,1267000,고가,전자기기,삼성,28,7,10,N,5,0.205
female,63,8540000,자영업,미혼,보수적,128000,중저가,패션,아디다스,30,3,18,N,2,0.109
female,26,6210000,프리랜서,미혼,보수적,140000,중저가,건강관리,종근당,27,5,9,N,1,0.136
female,29,8760000,대기업직원,미혼,진보적,2105000,초고가,명품,루이비통,28,6,13,N,7,0.265
male,34,3110000,주부,기혼,진보적,52000,저가,화장품,올리브영PB,10,1,21,N,1,0.22
male,59,4080000,은퇴자,기혼,보수적,6000,초저가,식품,CJ,14,2,10,N,2,0.106
male,21,1700000,학생,미혼,진보적,259000,중저가,교육,윌라,9,3,16,N,4,0.188
female,25,1740000,취업준비생,미혼,진보적,334000,고가,가구,일룸,16,4,17,Y,4,0.273
female,32,6900000,사무직,미혼,진보적,376000,고가,패션,COS,31,4,19,Y,2,0.214
female,33,18070000,전문직,미혼,진보적,76000,저가,건강관리,종근당,8,2,16,N,2,0.108
male,31,7130000,공무원,기혼,진보적,1729000,초고가,명품,구찌,25,5,15,N,6,0.283
male,37,11920000,자영업,기혼,진보적,112000,중저가,전자기기,소니,20,3,12,N,4,0.105
male,36,8640000,프리랜서,기혼,진보적,55000,저가,생활용품,유한킴벌리,10,0,20,N,1,0.223
female,39,11810000,대기업직원,기혼,진보적,598000,고가,교육,패스트캠퍼스,13,5,9,N,3,0.13
female,44,4710000,주부,기혼,보수적,2782000,초고가,가구,한샘,41,10,19,Y,9,0.472
female,69,5250000,은퇴자,기혼,진보적,478000,고가,패션,무신사스탠다드,29,5,12,N,2,0.167
male,20,470000,학생,미혼,진보적,30000,저가,식품,풀무원,14,1,12,N,0,0.196
male,23,560000,취업준비생,미혼,진보적,183000,중저가,여행,마이리얼트립,30,4,12,Y,4,0.373
male,42,2720000,사무직,기혼,보수적,343000,고가,전자기기,레노버,28,6,19,Y,7,0.204
female,43,5160000,전문직,기혼,진보적,77000,저가,생활용품,유한킴벌리,5,0,1,N,1,0.304
female,41,2890000,공무원,기혼,보수적,3049000,초고가,교육,클래스101,43,11,19,Y,8,0.437
female,47,2040000,자영업,기혼,진보적,489000,고가,명품,프라다,26,4,17,N,7,0.286
male,46,1720000,프리랜서,미혼,보수적,34000,저가,화장품,설화수,31,3,21,N,3,0.114
male,49,4470000,대기업직원,미혼,보수적,13000,초저가,식품,오뚜기,20,2,23,N,1,0.16
male,54,810000,주부,기혼,진보적,675000,고가,여행,아시아나,41,8,16,Y,10,0.535
female,61,1180000,은퇴자,미혼,보수적,1100000,고가,전자기기,삼성,44,10,10,Y,7,0.48
female,19,760000,학생,미혼,진보적,343000,고가,패션,나이키,40,4,11,Y,4,0.475
female,33,940000,취업준비생,미혼,진보적,103000,중저가,건강관리,락토핏,19,4,15,N,1,0.183
male,52,3370000,사무직,기혼,보수적,755000,고가,명품,버버리,33,7,18,Y,4,0.311
male,53,6720000,전문직,기혼,진보적,31000,저가,화장품,설화수,23,4,13,N,1,0.133
male,51,3930000,공무원,기혼,진보적,43000,저가,식품,CJ,21,1,12,N,3,0.138
female,57,3110000,자영업,기혼,진보적,380000,고가,교육,시원스쿨,15,2,14,N,5,0.188
female,24,2740000,프리랜서,미혼,보수적,4227000,초고가,가구,리바트,30,13,13,Y,12,0.533
female,27,5690000,대기업직원,기혼,진보적,1031000,고가,패션,ZARA,27,4,11,Y,2,0.281
male,32,1420000,주부,미혼,보수적,182000,중저가,건강관리,센트룸,25,5,15,N,2,0.126
male,71,1860000,은퇴자,미혼,보수적,2335000,초고가,명품,구찌,49,10,17,Y,10,0.521
male,29,1260000,학생,미혼,진보적,1313000,고가,전자기기,애플,31,9,17,Y,9,0.558
female,31,1320000,취업준비생,기혼,진보적,50000,저가,생활용품,락앤락,18,0,20,N,1,0.225
female,30,4130000,사무직,미혼,진보적,608000,고가,교육,메가스터디,27,4,12,N,3,0.17
female,30,9300000,전문직,기혼,진보적,2344000,초고가,가구,리바트,27,7,13,Y,5,0.281
male,25,4930000,공무원,미혼,진보적,37000,저가,패션,무신사스탠다드,21,1,14,Y,3,0.221
male,31,5330000,자영업,미혼,보수적,61000,저가,식품,동원,10,3,19,N,3,0.095
male,34,4060000,프리랜서,기혼,보수적,568000,고가,여행,하나투어,24,5,20,N,6,0.163
female,37,7590000,대기업직원,미혼,보수적,887000,고가,전자기기,LG,20,7,13,N,4,0.139
female,42,2130000,주부,기혼,보수적,255000,중저가,생활용품,깨끗한나라,25,4,15,N,2,0.143
female,63,2740000,은퇴자,기혼,보수적,339000,고가,교육,클래스101,19,5,22,N,1,0.257
male,28,1530000,학생,미혼,보수적,3970000,초고가,명품,샤넬,42,16,18,Y,18,0.566
male,29,1770000,취업준비생,미혼,보수적,32000,저가,화장품,라네즈,17,3,12,N,3,0.113
male,40,5280000,사무직,기혼,보수적,71000,저가,식품,노브랜드,10,2,9,N,0,0.147
female,40,13780000,전문직,기혼,진보적,437000,고가,여행,하나투어,24,3,15,Y,3,0.185
female,35,6350000,공무원,미혼,보수적,2739000,초고가,전자기기,삼성,46,9,3,Y,8,0.399
female,41,8660000,자영업,기혼,보수적,928000,고가,패션,아디다스,35,5,18,N,5,0.128
male,44,6520000,프리랜서,기혼,보수적,717000,고가,건강관리,종근당,30,5,1,N,5,0.205
male,47,9550000,대기업직원,기혼,보수적,1044000,고가,명품,루이비통,38,8,12,Y,4,0.225
male,52,3290000,주부,기혼,보수적,110000,중저가,화장품,올리브영PB,33,5,19,N,4,0.109
female,73,3920000,은퇴자,기혼,보수적,34000,저가,식품,CJ,27,5,20,N,4,0.064
female,27,510000,학생,기혼,진보적,964000,고가,교육,윌라,21,12,13,Y,11,0.501
female,27,580000,취업준비생,미혼,진보적,2365000,초고가,가구,일룸,40,23,15,Y,22,0.529
male,50,6580000,사무직,기혼,진보적,65000,저가,패션,COS,20,2,23,N,0,0.233
male,50,17460000,전문직,기혼,보수적,122000,중저가,건강관리,종근당,29,6,22,N,1,0.18
male,45,6810000,공무원,기혼,보수적,2333000,초고가,명품,구찌,46,7,2,Y,5,0.435
female,51,12250000,자영업,기혼,보수적,514000,고가,전자기기,소니,36,4,19,N,5,0.106
female,54,9610000,프리랜서,기혼,보수적,104000,중저가,생활용품,유한킴벌리,21,6,17,N,3,0.067
female,57,12390000,대기업직원,미혼,진보적,351000,고가,교육,패스트캠퍼스,16,3,16,N,4,0.15
male,30,4910000,주부,미혼,진보적,125000,중저가,가구,한샘,16,1,17,N,5,0.177
male,65,4890000,은퇴자,기혼,보수적,51000,저가,패션,무신사스탠다드,25,4,23,N,4,0.171
male,26,820000,학생,미혼,진보적,61000,저가,식품,풀무원,4,2,13,N,3,0.123
female,25,980000,취업준비생,미혼,보수적,773000,고가,여행,마이리얼트립,40,9,3,Y,7,0.618
female,28,2490000,사무직,미혼,진보적,5534000,초고가,전자기기,레노버,29,13,13,Y,13,0.462
female,60,5100000,전문직,미혼,진보적,1028000,고가,생활용품,유한킴벌리,22,5,0,N,3,0.238
male,55,2880000,공무원,기혼,보수적,153000,중저가,교육,클래스101,17,7,20,N,1,0.13
male,61,2220000,자영업,기혼,진보적,4636000,초고가,명품,프라다,35,12,13,Y,13,0.547
male,32,1980000,프리랜서,미혼,보수적,168000,중저가,화장품,설화수,25,5,14,N,2,0.153
female,35,4250000,대기업직원,기혼,보수적,27000,저가,식품,오뚜기,22,4,19,N,2,0.049
female,40,850000,주부,기혼,보수적,3458000,초고가,여행,아시아나,41,23,12,Y,20,0.507
female,75,1310000,은퇴자,미혼,보수적,3388000,초고가,전자기기,삼성,41,18,15,Y,16,0.468
male,25,1230000,학생,미혼,진보적,258000,중저가,패션,나이키,15,3,15,Y,2,0.324
male,23,1280000,취업준비생,미혼,진보적,2656000,초고가,건강관리,락토핏,33,14,10,Y,11,0.521
male,38,3320000,사무직,미혼,보수적,16000,초저가,명품,버버리,29,4,2,Y,2,0.22
female,37,7370000,전문직,기혼,진보적,222000,중저가,화장품,설화수,14,1,13,N,4,0.162
female,29,3330000,공무원,기혼,진보적,129000,중저가,식품,CJ,18,3,19,N,4,0.118
female,35,3550000,자영업,기혼,진보적,723000,고가,교육,시원스쿨,24,5,17,N,4,0.201
male,42,3060000,프리랜서,기혼,진보적,181000,중저가,가구,리바트,21,1,13,N,4,0.181
male,45,5590000,대기업직원,미혼,진보적,81000,저가,패션,ZARA,26,2,13,N,1,0.172
male,50,1530000,주부,기혼,보수적,353000,고가,건강관리,센트룸,24,7,15,Y,5,0.237
female,67,1970000,은퇴자,기혼,보수적,660000,고가,명품,구찌,39,7,16,N,7,0.312
female,24,1720000,학생,미혼,진보적,4521000,초고가,전자기기,애플,39,15,0,Y,15,0.592
female,33,1810000,취업준비생,기혼,진보적,148000,중저가,생활용품,락앤락,6,2,22,N,2,0.222
male,48,4200000,사무직,기혼,보수적,220000,중저가,교육,메가스터디,21,3,12,N,3,0.1
male,47,10260000,전문직,기혼,보수적,234000,중저가,가구,리바트,18,3,15,N,4,0.089
male,39,4860000,공무원,기혼,보수적,112000,중저가,패션,무신사스탠다드,33,4,2,N,2,0.177
female,45,5430000,자영업,기혼,보수적,38000,저가,식품,동원,21,6,10,N,3,0.03
female,52,4460000,프리랜서,기혼,진보적,2907000,초고가,여행,하나투어,42,9,13,Y,6,0.563
female,55,7580000,대기업직원,기혼,진보적,8057000,초고가,전자기기,LG,42,8,11,Y,9,0.492
male,60,2370000,주부,기혼,보수적,14000,초저가,생활용품,깨끗한나라,18,3,17,N,3,0.072
male,59,2440000,은퇴자,미혼,보수적,80000,저가,교육,클래스101,20,5,14,N,3,0.076
male,23,520000,학생,미혼,진보적,1093000,고가,명품,샤넬,29,10,19,Y,12,0.583
female,31,560000,취업준비생,미혼,보수적,104000,중저가,화장품,라네즈,23,4,11,N,3,0.224
female,26,5310000,사무직,미혼,진보적,227000,중저가,식품,노브랜드,16,2,10,N,4,0.124
female,57,12350000,전문직,기혼,보수적,3786000,초고가,여행,하나투어,35,10,14,N,7,0.253
male,49,5420000,공무원,기혼,보수적,166000,중저가,전자기기,삼성,24,4,17,N,6,0.115
male,55,7910000,자영업,기혼,보수적,35000,저가,패션,아디다스,30,6,10,N,3,0.101
male,30,6770000,프리랜서,기혼,보수적,2933000,초고가,건강관리,종근당,26,8,20,Y,5,0.387
female,33,9830000,대기업직원,미혼,진보적,4968000,초고가,명품,루이비통,35,8,16,Y,8,0.421
female,38,3220000,주부,기혼,보수적,828000,고가,화장품,올리브영PB,19,6,0,N,4,0.335
female,69,3640000,은퇴자,기혼,보수적,138000,중저가,식품,CJ,21,3,11,N,4,0.069
male,22,800000,학생,미혼,진보적,30000,저가,교육,윌라,10,1,12,N,1,0.238
male,29,870000,취업준비생,미혼,보수적,222000,중저가,가구,일룸,21,6,15,N,7,0.235
male,36,6250000,사무직,기혼,진보적,155000,중저가,패션,COS,26,2,20,N,1,0.185
female,34,17900000,전문직,기혼,진보적,548000,고가,건강관리,종근당,12,6,11,N,3,0.132
female,59,6850000,공무원,기혼,진보적,3240000,초고가,명품,구찌,35,5,23,Y,8,0.526
female,65,11350000,자영업,기혼,보수적,7845000,초고가,전자기기,소니,35,9,17,Y,10,0.546
male,40,8870000,프리랜서,미혼,진보적,7000,초저가,생활용품,유한킴벌리,14,1,20,N,2,0.132
male,43,11840000,대기업직원,기혼,진보적,82000,저가,교육,패스트캠퍼스,7,1,21,N,1,0.199
male,48,4240000,주부,기혼,진보적,415000,고가,가구,한샘,23,4,15,N,4,0.163
female,61,5240000,은퇴자,기혼,진보적,278000,중저가,패션,무신사스탠다드,28,4,15,N,3,0.134
female,21,1270000,학생,미혼,진보적,336000,고가,식품,풀무원,18,5,21,Y,5,0.293
female,27,1330000,취업준비생,미혼,진보적,2558000,초고가,여행,마이리얼트립,33,14,17,Y,15,0.553
male,46,2480000,사무직,기혼,진보적,187000,중저가,전자기기,레노버,30,5,10,Y,6,0.137
male,44,4880000,전문직,기혼,진보적,10000,초저가,생활용품,유한킴벌리,12,2,17,N,3,0.103
male,33,2620000,공무원,미혼,진보적,886000,고가,교육,클래스101,21,4,23,Y,5,0.381
female,39,2310000,자영업,기혼,보수적,692000,고가,명품,프라다,33,7,22,Y,7,0.381
female,50,1890000,프리랜서,기혼,진보적,813000,고가,화장품,설화수,37,7,17,Y,6,0.425
female,53,4380000,대기업직원,기혼,진보적,177000,중저가,식품,오뚜기,18,4,14,N,1,0.13
male,58,810000,주부,기혼,진보적,105000,중저가,여행,아시아나,30,1,2,N,6,0.267
male,71,1170000,은퇴자,기혼,보수적,172000,중저가,전자기기,삼성,24,5,17,N,5,0.173
male,20,1490000,학생,미혼,진보적,107000,중저가,패션,나이키,22,1,9,N,1,0.262
female,25,1750000,취업준비생,미혼,보수적,8176000,초고가,건강관리,락토핏,39,28,13,Y,20,0.511
female,24,3030000,사무직,미혼,진보적,1207000,고가,명품,버버리,26,7,14,Y,5,0.414
female,54,6730000,전문직,미혼,진보적,747000,고가,화장품,설화수,32,3,10,Y,4,0.223
male,43,3950000,공무원,미혼,보수적,6000,초저가,식품,CJ,14,1,17,N,2,0.147
male,49,3260000,자영업,미혼,진보적,70000,저가,교육,시원스쿨,23,3,23,N,1,0.205
male,28,2830000,프리랜서,미혼,진보적,485000,고가,가구,리바트,14,3,12,Y,4,0.266
female,31,5790000,대기업직원,기혼,보수적,225000,중저가,패션,ZARA,25,3,20,N,2,0.117
female,36,1430000,주부,미혼,보수적,5719000,초고가,건강관리,센트룸,34,25,18,Y,18,0.472
female,63,1950000,은퇴자,기혼,보수적,1692000,초고가,명품,구찌,48,12,10,Y,7,0.527
male,19,510000,학생,미혼,진보적,234000,중저가,전자기기,애플,19,6,2,N,5,0.463
male,23,660000,취업준비생,미혼,진보적,4000,초저가,생활용품,락앤락,4,1,22,N,1,0.25
male,34,4480000,사무직,미혼,진보적,147000,중저가,교육,메가스터디,22,2,12,N,3,0.114
female,31,9480000,전문직,미혼,보수적,333000,고가,가구,리바트,23,5,2,N,6,0.144
female,53,4840000,공무원,기혼,진보적,682000,고가,패션,무신사스탠다드,29,4,3,N,2,0.294
female,59,4860000,자영업,미혼,보수적,254000,중저가,식품,동원,16,3,22,N,3,0.174
male,38,4220000,프리랜서,기혼,진보적,132000,중저가,여행,하나투어,25,4,16,N,5,0.119
male,41,7720000,대기업직원,미혼,보수적,272000,중저가,전자기기,LG,26,7,19,N,6,0.083
male,46,2390000,주부,기혼,보수적,37000,저가,생활용품,깨끗한나라,27,3,18,N,3,0.07
female,73,2860000,은퇴자,기혼,보수적,1377000,고가,교육,클래스101,30,8,17,Y,3,0.419
female,29,810000,학생,기혼,진보적,1776000,초고가,명품,샤넬,28,15,21,Y,13,0.597
female,33,840000,취업준비생,기혼,진보적,778000,고가,화장품,라네즈,33,8,17,Y,7,0.566
male,44,4870000,사무직,기혼,진보적,36000,저가,식품,노브랜드,13,1,18,N,1,0.192
male,41,12010000,전문직,미혼,진보적,357000,고가,여행,하나투어,31,2,9,N,6,0.162
male,27,5670000,공무원,미혼,보수적,1027000,고가,전자기기,삼성,34,5,12,Y,7,0.215
female,33,7560000,자영업,기혼,진보적,469000,고가,패션,아디다스,32,4,13,N,2,0.184
female,48,6040000,프리랜서,기혼,보수적,31000,저가,건강관리,종근당,21,5,12,N,4,0.057
female,51,9150000,대기업직원,기혼,진보적,602000,고가,명품,루이비통,29,3,16,N,6,0.188
male,56,2950000,주부,기혼,진보적,59000,저가,화장품,올리브영PB,13,0,16,N,2,0.203
male,65,3790000,은퇴자,미혼,보수적,8000,초저가,식품,CJ,11,3,15,N,1,0.115
male,28,1170000,학생,미혼,진보적,1058000,고가,교육,윌라,19,9,13,Y,6,0.572
female,31,1300000,취업준비생,기혼,진보적,1829000,초고가,가구,일룸,30,11,9,Y,10,0.565
female,54,6480000,사무직,기혼,진보적,6191000,초고가,패션,COS,33,8,19,Y,7,0.569
female,51,18360000,전문직,미혼,보수적,4906000,초고가,건강관리,종근당,37,9,15,Y,5,0.236
male,37,6960000,공무원,기혼,진보적,1046000,고가,명품,구찌,20,6,12,N,7,0.174
male,43,12010000,자영업,기혼,진보적,218000,중저가,전자기기,소니,15,1,19,N,5,0.194
male,26,9720000,프리랜서,미혼,진보적,28000,저가,생활용품,유한킴벌리,4,3,9,N,1,0.183
female,29,12600000,대기업직원,미혼,진보적,97000,중저가,교육,패스트캠퍼스,22,5,23,N,3,0.144
female,34,4390000,주부,기혼,진보적,5413000,초고가,가구,한샘,28,10,14,Y,12,0.509
female,75,5320000,은퇴자,기혼,보수적,504000,고가,패션,무신사스탠다드,34,4,11,Y,3,0.224
male,27,1620000,학생,미혼,보수적,4000,초저가,식품,풀무원,17,5,13,N,0,0.094
male,29,1620000,취업준비생,미혼,진보적,97000,중저가,여행,마이리얼트립,28,3,12,N,3,0.148
male,32,2590000,사무직,기혼,진보적,614000,고가,전자기기,레노버,22,6,2,Y,4,0.336
female,28,5410000,전문직,미혼,보수적,224000,중저가,생활용품,유한킴벌리,24,4,13,N,2,0.107
female,47,2650000,공무원,기혼,진보적,3093000,초고가,교육,클래스101,36,10,18,Y,10,0.446
female,53,2380000,자영업,기혼,보수적,3537000,초고가,명품,프라다,42,15,11,Y,11,0.553
male,36,1740000,프리랜서,기혼,진보적,32000,저가,화장품,설화수,10,0,14,N,0,0.211
male,39,4060000,대기업직원,기혼,보수적,18000,초저가,식품,오뚜기,22,5,20,N,0,0.121
male,44,770000,주부,기혼,진보적,532000,고가,여행,아시아나,25,7,18,Y,7,0.567
female,67,1290000,은퇴자,기혼,보수적,814000,고가,전자기기,삼성,43,7,21,Y,8,0.505
female,26,470000,학생,미혼,진보적,1251000,고가,패션,나이키,34,16,18,Y,14,0.515
female,27,640000,취업준비생,미혼,보수적,53000,저가,건강관리,락토핏,25,3,14,N,4,0.087
male,42,3400000,사무직,기혼,진보적,7824000,초고가,명품,버버리,34,13,21,Y,14,0.53
male,38,6560000,전문직,미혼,보수적,40000,저가,화장품,설화수,15,5,15,N,1,0.119
male,57,3420000,공무원,미혼,진보적,80000,저가,식품,CJ,21,2,14,N,0,0.122
female,63,3630000,자영업,기혼,보수적,263000,중저가,교육,시원스쿨,19,4,2,N,4,0.183
female,46,2760000,프리랜서,미혼,진보적,14000,초저가,가구,리바트,23,3,0,N,6,0.134
female,49,5940000,대기업직원,기혼,진보적,501000,고가,패션,ZARA,26,3,19,Y,3,0.235
male,54,1520000,주부,미혼,보수적,63000,저가,건강관리,센트룸,23,5,19,N,3,0.059
male,59,1930000,은퇴자,기혼,보수적,382000,고가,명품,구찌,37,6,16,Y,7,0.249
male,25,830000,학생,미혼,진보적,526000,고가,전자기기,애플,23,7,11,Y,6,0.545
female,25,840000,취업준비생,미혼,진보적,40000,저가,생활용품,락앤락,5,0,14,N,1,0.212
female,52,4080000,사무직,기혼,보수적,448000,고가,교육,메가스터디,26,5,0,N,4,0.206
female,48,9010000,전문직,미혼,진보적,5035000,초고가,가구,리바트,36,9,19,Y,8,0.42
male,31,4390000,공무원,기혼,보수적,42000,저가,패션,무신사스탠다드,25,3,16,N,1,0.143
male,37,4750000,자영업,기혼,진보적,4000,초저가,식품,동원,3,2,15,N,3,0.115
male,24,4590000,프리랜서,미혼,진보적,4194000,초고가,여행,하나투어,37,8,1,Y,10,0.653
female,27,6630000,대기업직원,기혼,진보적,965000,고가,전자기기,LG,17,3,10,Y,5,0.266
female,32,2160000,주부,기혼,보수적,146000,중저가,생활용품,깨끗한나라,14,5,23,N,4,0.168
female,69,2810000,은퇴자,미혼,보수적,875000,고가,교육,클래스101,26,8,20,N,3,0.243
male,24,1190000,학생,미혼,진보적,619000,고가,명품,샤넬,24,7,11,Y,7,0.549
male,23,1410000,취업준비생,미혼,진보적,28000,저가,화장품,라네즈,24,2,1,N,1,0.19
male,30,5380000,사무직,기혼,보수적,233000,중저가,식품,노브랜드,21,6,10,N,2,0.084
female,58,12590000,전문직,기혼,진보적,620000,고가,여행,하나투어,32,5,20,Y,5,0.177
female,41,5410000,공무원,기혼,보수적,5031000,초고가,전자기기,삼성,39,12,17,Y,8,0.441
female,47,7980000,자영업,미혼,진보적,1253000,고가,패션,아디다스,22,6,16,N,4,0.208
male,34,7120000,프리랜서,기혼,보수적,262000,중저가,건강관리,종근당,12,7,23,N,1,0.175
male,37,9810000,대기업직원,미혼,진보적,5393000,초고가,명품,루이비통,33,6,9,Y,7,0.471
male,42,3230000,주부,미혼,진보적,118000,중저가,화장품,올리브영PB,20,4,10,N,1,0.167
female,61,4060000,은퇴자,기혼,보수적,43000,저가,식품,CJ,18,3,3,N,3,0.112
female,23,1700000,학생,미혼,진보적,1232000,고가,교육,윌라,29,6,3,Y,7,0.636
female,33,1690000,취업준비생,미혼,진보적,2883000,초고가,가구,일룸,32,13,16,Y,12,0.551
male,40,6840000,사무직,기혼,보수적,34000,저가,패션,COS,29,2,20,N,1,0.138
male,35,17360000,전문직,기혼,진보적,179000,중저가,건강관리,종근당,13,4,12,N,2,0.097
male,51,7890000,공무원,기혼,진보적,8124000,초고가,명품,구찌,42,10,17,Y,10,0.478
female,57,12290000,자영업,기혼,보수적,375000,고가,전자기기,소니,23,7,3,N,5,0.193
female,44,8340000,프리랜서,기혼,보수적,104000,중저가,생활용품,유한킴벌리,10,4,11,N,2,0.1
female,47,11930000,대기업직원,미혼,진보적,1179000,고가,교육,패스트캠퍼스,27,5,12,N,4,0.133
male,52,4790000,주부,기혼,보수적,194000,중저가,가구,한샘,24,5,21,N,4,0.082
male,71,5350000,은퇴자,기혼,보수적,146000,중저가,패션,무신사스탠다드,32,6,18,N,2,0.089
male,22,520000,학생,미혼,진보적,56000,저가,식품,풀무원,5,1,10,N,3,0.211
female,31,650000,취업준비생,미혼,보수적,441000,고가,여행,마이리얼트립,41,9,15,Y,8,0.534
female,50,2410000,사무직,기혼,보수적,4000,초저가,전자기기,레노버,14,5,13,N,3,0.11
female,45,5260000,전문직,기혼,진보적,228000,중저가,생활용품,유한킴벌리,9,2,16,Y,3,0.175
male,25,2620000,공무원,기혼,진보적,42000,저가,교육,클래스101,6,3,21,N,2,0.145
male,31,2350000,자영업,미혼,진보적,581000,고가,명품,프라다,19,6,17,Y,5,0.346
male,54,1930000,프리랜서,미혼,진보적,157000,중저가,화장품,설화수,23,3,9,N,4,0.141
female,57,4040000,대기업직원,미혼,진보적,123000,중저가,식품,오뚜기,11,3,11,N,1,0.168
female,30,820000,주부,기혼,진보적,8207000,초고가,여행,아시아나,33,47,10,Y,46,0.525
female,63,1140000,은퇴자,기혼,보수적,8032000,초고가,전자기기,삼성,37,35,23,Y,32,0.55
male,21,870000,학생,미혼,보수적,63000,저가,패션,나이키,19,5,14,N,3,0.111
male,29,840000,취업준비생,미혼,진보적,133000,중저가,건강관리,락토핏,20,2,16,N,4,0.19
male,28,3070000,사무직,미혼,보수적,1239000,고가,명품,버버리,44,8,16,Y,7,0.367
female,55,6850000,전문직,미혼,보수적,154000,중저가,화장품,설화수,27,3,9,Y,4,0.138
female,35,3780000,공무원,기혼,보수적,148000,중저가,식품,CJ,24,4,22,N,4,0.156
female,41,3120000,자영업,기혼,진보적,943000,고가,교육,시원스쿨,25,6,18,Y,3,0.348
male,32,2970000,프리랜서,미혼,진보적,119000,중저가,가구,리바트,11,4,12,N,3,0.134
male,35,5880000,대기업직원,기혼,진보적,45000,저가,패션,ZARA,23,1,11,N,3,0.155
male,40,1400000,주부,미혼,보수적,98000,중저가,건강관리,센트룸,19,5,19,N,4,0.078
female,73,1880000,은퇴자,기혼,보수적,5000,초저가,명품,구찌,20,2,14,N,3,0.11
female,20,1140000,학생,미혼,진보적,3648000,초고가,전자기기,애플,29,18,21,Y,17,0.523
female,27,1430000,취업준비생,미혼,진보적,104000,중저가,생활용품,락앤락,15,2,17,N,2,0.119
male,38,4290000,사무직,기혼,보수적,38000,저가,교육,메가스터디,25,4,20,N,2,0.097
male,32,8770000,전문직,기혼,진보적,134000,중저가,가구,리바트,14,4,11,Y,3,0.175
male,45,4420000,공무원,기혼,진보적,212000,중저가,패션,무신사스탠다드,31,4,16,N,1,0.153
female,51,5330000,자영업,기혼,보수적,38000,저가,식품,동원,25,3,10,N,4,0.086
female,42,4360000,프리랜서,기혼,보수적,4568000,초고가,여행,하나투어,36,13,13,Y,10,0.527
female,45,7660000,대기업직원,기혼,보수적,5000,초저가,전자기기,LG,30,5,16,N,3,0.07
male,50,2240000,주부,기혼,진보적,15000,초저가,생활용품,깨끗한나라,5,0,20,N,1,0.214
male,65,2540000,은퇴자,기혼,보수적,164000,중저가,교육,클래스101,29,5,21,N,1,0.164
male,19,1730000,학생,미혼,진보적,2545000,초고가,명품,샤넬,38,9,20,Y,10,0.605
female,25,1860000,취업준비생,미혼,진보적,103000,중저가,화장품,라네즈,13,3,10,N,4,0.108
female,48,5130000,사무직,기혼,진보적,157000,중저가,식품,노브랜드,22,3,17,N,4,0.069
female,42,12700000,전문직,기혼,보수적,3038000,초고가,여행,하나투어,28,8,21,Y,8,0.265
male,55,5880000,공무원,미혼,진보적,173000,중저가,전자기기,삼성,15,4,12,N,3,0.104
male,61,7720000,자영업,기혼,진보적,55000,저가,패션,아디다스,19,0,22,N,1,0.293
male,52,6180000,프리랜서,미혼,진보적,462000,고가,건강관리,종근당,21,2,9,N,3,0.148
female,55,9370000,대기업직원,기혼,보수적,719000,고가,명품,루이비통,36,5,21,Y,6,0.203
female,60,3060000,주부,기혼,진보적,472000,고가,화장품,올리브영PB,29,5,9,N,2,0.191
female,75,3970000,은퇴자,기혼,보수적,189000,중저가,식품,CJ,13,5,14,Y,4,0.11
male,29,490000,학생,미혼,진보적,75000,저가,교육,윌라,18,2,22,N,3,0.246
male,23,590000,취업준비생,미혼,보수적,113000,중저가,가구,일룸,17,5,9,Y,6,0.248
male,26,6500000,사무직,미혼,진보적,192000,중저가,패션,COS,19,4,17,N,3,0.113
female,52,17800000,전문직,기혼,보수적,164000,중저가,건강관리,종근당,24,3,20,N,1,0.152
female,29,6740000,공무원,미혼,진보적,398000,고가,명품,구찌,32,5,13,N,6,0.161
female,35,13190000,자영업,기혼,보수적,3583000,초고가,전자기기,소니,34,9,14,N,8,0.263
male,30,9100000,프리랜서,기혼,보수적,9000,초저가,생활용품,유한킴벌리,9,2,16,N,0,0.129
male,33,11560000,대기업직원,기혼,진보적,35000,저가,교육,패스트캠퍼스,6,1,19,N,2,0.165
male,38,4810000,주부,기혼,보수적,828000,고가,가구,한샘,31,8,17,N,5,0.16
female,67,5390000,은퇴자,기혼,보수적,423000,고가,패션,무신사스탠다드,30,5,0,N,3,0.229
female,28,740000,학생,미혼,보수적,227000,중저가,식품,풀무원,22,4,16,N,2,0.303
female,33,990000,취업준비생,기혼,진보적,3493000,초고가,여행,마이리얼트립,31,21,13,Y,20,0.586
male,36,2650000,사무직,기혼,보수적,144000,중저가,전자기기,레노버,15,3,13,N,3,0.141
male,29,5330000,전문직,기혼,진보적,10000,초저가,생활용품,유한킴벌리,4,3,18,N,3,0.13
male,39,2810000,공무원,기혼,보수적,122000,중저가,교육,클래스101,13,5,15,N,4,0.108
female,45,2230000,자영업,미혼,진보적,3931000,초고가,명품,프라다,43,13,15,Y,11,0.527
female,40,1810000,프리랜서,기혼,진보적,826000,고가,화장품,설화수,33,4,10,Y,5,0.456
female,43,4040000,대기업직원,미혼,보수적,143000,중저가,식품,오뚜기,22,3,10,N,4,0.07
male,48,850000,주부,기혼,진보적,277000,중저가,여행,아시아나,33,5,18,Y,6,0.324
male,59,1280000,은퇴자,기혼,보수적,126000,중저가,전자기기,삼성,20,3,3,N,5,0.226
male,27,1140000,학생,미혼,보수적,111000,중저가,패션,나이키,23,3,13,N,4,0.171
female,31,1280000,취업준비생,미혼,진보적,465000,고가,건강관리,락토핏,31,7,9,Y,3,0.387
female,46,3080000,사무직,기혼,진보적,1676000,초고가,명품,버버리,41,9,13,Y,6,0.503
female,39,7130000,전문직,기혼,진보적,555000,고가,화장품,설화수,22,5,18,Y,1,0.227
male,49,3920000,공무원,기혼,보수적,27000,저가,식품,CJ,14,5,19,N,2,0.084
male,55,3070000,자영업,미혼,진보적,182000,중저가,교육,시원스쿨,19,4,19,N,3,0.114
male,50,2590000,프리랜서,기혼,진보적,1219000,고가,가구,리바트,33,5,1,Y,6,0.515
female,53,5630000,대기업직원,기혼,보수적,188000,중저가,패션,ZARA,25,7,11,N,3,0.077
female,58,1440000,주부,기혼,보수적,877000,고가,건강관리,센트룸,27,8,19,Y,5,0.464
female,69,1860000,은퇴자,기혼,진보적,548000,고가,명품,구찌,34,5,19,N,6,0.335
male,26,1710000,학생,미혼,진보적,106000,중저가,전자기기,애플,27,2,10,N,4,0.127
male,29,1740000,취업준비생,미혼,진보적,21000,초저가,생활용품,락앤락,14,1,20,N,2,0.146
male,24,4300000,사무직,미혼,진보적,237000,중저가,교육,메가스터디,23,2,15,N,1,0.155
female,49,9680000,전문직,기혼,진보적,644000,고가,가구,리바트,18,4,19,N,3,0.173
female,59,4340000,공무원,기혼,보수적,491000,고가,패션,무신사스탠다드,40,7,12,N,5,0.131
female,65,5340000,자영업,미혼,보수적,137000,중저가,식품,동원,23,6,18,N,4,0.058
male,28,4710000,프리랜서,미혼,진보적,253000,중저가,여행,하나투어,18,1,18,N,6,0.182
male,31,7490000,대기업직원,미혼,진보적,142000,중저가,전자기기,LG,23,2,11,N,5,0.116
male,36,2040000,주부,미혼,보수적,30000,저가,생활용품,깨끗한나라,19,4,18,N,4,0.062
female,61,2480000,은퇴자,기혼,진보적,132000,중저가,교육,클래스101,24,4,19,N,4,0.096
female,25,470000,학생,미혼,진보적,391000,고가,명품,샤넬,36,9,10,Y,8,0.593
female,27,630000,취업준비생,미혼,보수적,1049000,고가,화장품,라네즈,39,11,11,Y,11,0.527
male,34,4830000,사무직,기혼,진보적,21000,초저가,식품,노브랜드,9,0,16,N,2,0.155
male,59,14210000,전문직,기혼,진보적,122000,중저가,여행,하나투어,26,1,23,N,4,0.215
male,33,5740000,공무원,미혼,진보적,1183000,고가,전자기기,삼성,31,3,22,Y,6,0.335
female,39,7750000,자영업,기혼,진보적,115000,중저가,패션,아디다스,29,2,22,N,2,0.194
female,38,6700000,프리랜서,기혼,진보적,2312000,초고가,건강관리,종근당,28,7,14,Y,5,0.356
female,41,9720000,대기업직원,미혼,보수적,4015000,초고가,명품,루이비통,45,9,11,Y,8,0.341
male,46,3140000,주부,기혼,보수적,49000,저가,화장품,올리브영PB,31,3,11,Y,1,0.171
male,71,3660000,은퇴자,기혼,진보적,13000,초저가,식품,CJ,11,2,19,N,2,0.092
male,24,800000,학생,미혼,보수적,432000,고가,교육,윌라,25,6,10,Y,7,0.504
female,25,920000,취업준비생,미혼,진보적,801000,고가,가구,일룸,23,8,19,Y,10,0.54
female,44,6980000,사무직,기혼,보수적,393000,고가,패션,COS,26,6,19,Y,3,0.2
female,36,16730000,전문직,기혼,진보적,820000,고가,건강관리,종근당,20,5,10,N,1,0.195
male,43,6730000,공무원,기혼,보수적,5831000,초고가,명품,구찌,37,11,19,Y,10,0.458
male,49,11910000,자영업,기혼,보수적,203000,중저가,전자기기,소니,27,5,17,N,4,0.084
male,48,8710000,프리랜서,미혼,진보적,49000,저가,생활용품,유한킴벌리,11,2,1,N,3,0.138
female,51,12890000,대기업직원,기혼,보수적,209000,중저가,교육,패스트캠퍼스,26,4,19,N,4,0.083
female,56,4450000,주부,기혼,보수적,3344000,초고가,가구,한샘,40,10,17,Y,7,0.507
female,63,5690000,은퇴자,미혼,진보적,1163000,고가,패션,무신사스탠다드,29,5,17,Y,2,0.27
